ID,Gender,Ever_Married,Age,Graduated,Profession,Work_Experience,Spending_Score,Family_Size,Var_1,Segmentation
462809,Male,No,22,No,Healthcare,1,Low,4,Cat_4,D
462643,Female,Yes,38,Yes,Engineer,,Average,3,Cat_4,A
466315,Female,Yes,67,Yes,Engineer,1,Low,1,Cat_6,B
461735,Male,Yes,67,Yes,Lawyer,0,High,2,Cat_6,B
462669,Female,Yes,40,Yes,Entertainment,,High,6,Cat_6,A
461319,Male,Yes,56,No,Artist,0,Average,2,Cat_6,C
460156,Male,No,32,Yes,Healthcare,1,Low,3,Cat_6,C
464347,Female,No,33,Yes,Healthcare,1,Low,3,Cat_6,D
465015,Female,Yes,61,Yes,Engineer,0,Low,3,Cat_7,D
465176,Female,Yes,55,Yes,Artist,1,Average,4,Cat_6,C
464041,Female,No,26,Yes,Engineer,1,Low,3,Cat_6,A
464942,Male,No,19,No,Healthcare,4,Low,4,Cat_4,D
461230,Female,No,19,No,Executive,0,Low,,Cat_3,D
459573,Male,Yes,70,No,Lawyer,,Low,1,Cat_6,A
460849,Female,Yes,58,No,Doctor,0,Low,1,Cat_3,B
460563,Female,No,41,No,Healthcare,1,Low,2,Cat_1,C
466865,Female,No,32,No,Homemaker,9,Low,5,Cat_3,D
461644,Male,No,31,No,Healthcare,1,Low,6,Cat_6,B
466772,Male,Yes,58,Yes,Entertainment,1,Average,4,Cat_6,B
464291,Female,Yes,79,Yes,Artist,0,High,1,Cat_6,C
466084,Male,Yes,49,Yes,Homemaker,12,Low,1,Cat_3,A
459675,Female,No,18,No,Healthcare,3,Low,4,Cat_6,D
465602,Male,Yes,33,Yes,Artist,13,Low,2,Cat_3,A
459168,Female,No,36,Yes,Artist,5,Low,2,Cat_6,B
461021,Female,,58,No,Executive,1,Average,3,Cat_3,B
465083,Male,Yes,56,No,Artist,1,Average,3,Cat_6,C
467604,Male,No,31,No,Healthcare,9,Low,8,Cat_4,A
459717,Male,Yes,49,Yes,Artist,1,Average,3,Cat_6,C
465882,Male,No,35,Yes,Artist,0,Low,1,Cat_6,B
461996,Female,No,35,No,Artist,5,Low,4,Cat_6,C
463331,Female,Yes,45,Yes,Artist,0,Low,3,Cat_6,C
462216,Female,Yes,42,No,Doctor,1,Low,2,Cat_4,A
462454,Male,No,19,No,Healthcare,1,Low,3,Cat_2,D
467010,Male,No,26,No,Homemaker,9,Low,,Cat_6,D
459861,Female,Yes,83,No,Lawyer,1,High,2,Cat_6,D
467917,Female,No,27,Yes,Healthcare,3,Low,4,Cat_1,D
465572,Male,No,32,No,Doctor,5,Low,1,Cat_4,D
460593,Female,Yes,28,No,Healthcare,1,Average,5,Cat_3,D
465891,Female,Yes,28,Yes,Artist,8,Low,2,Cat_6,A
467442,Male,Yes,56,Yes,Artist,,Average,2,Cat_6,C
462044,Female,No,47,Yes,Artist,4,Low,1,Cat_6,B
465686,Female,No,22,No,Healthcare,0,Low,2,Cat_6,D
464590,Female,No,27,Yes,Artist,14,Low,3,Cat_6,A
466006,Female,Yes,49,Yes,Artist,1,Low,2,,C
466152,Male,Yes,40,No,Engineer,8,Low,1,Cat_6,A
463156,Female,Yes,79,No,Lawyer,,High,2,Cat_6,A
465729,Male,Yes,41,Yes,Artist,0,Average,4,Cat_4,B
462384,Female,No,29,Yes,Healthcare,,Low,1,Cat_7,A
462442,Male,No,19,No,Healthcare,0,Low,4,Cat_6,D
464191,Female,No,45,Yes,Engineer,1,Low,1,Cat_6,A
462078,Female,Yes,61,No,Artist,1,Average,2,Cat_2,B
467873,Female,Yes,36,Yes,Artist,1,Average,2,Cat_6,C
461270,Male,Yes,40,Yes,Artist,1,Low,1,Cat_3,A
462960,Female,Yes,57,Yes,Entertainment,0,Average,2,Cat_6,C
464961,Male,Yes,76,No,Marketing,1,Low,1,Cat_4,A
462110,Male,Yes,32,Yes,Artist,14,Average,2,Cat_6,B
465769,Male,No,25,Yes,Healthcare,9,Low,4,Cat_6,D
462267,Male,No,32,,Doctor,8,Low,2,Cat_6,D
465269,Female,Yes,45,Yes,Artist,1,Average,3,Cat_3,C
460881,Male,Yes,72,Yes,Lawyer,1,Low,,Cat_4,D
461891,Male,Yes,48,Yes,Artist,0,Average,2,Cat_6,C
466935,Male,Yes,55,Yes,Artist,9,Average,2,Cat_1,C
464091,Male,Yes,74,Yes,Lawyer,0,High,3,Cat_6,D
464535,Male,Yes,56,Yes,Lawyer,1,High,2,Cat_6,A
463108,Male,Yes,59,Yes,Lawyer,7,High,2,Cat_6,A
461356,Male,No,25,Yes,Entertainment,0,Low,2,Cat_6,A
464570,Male,Yes,31,Yes,Doctor,0,Average,2,Cat_6,A
464580,Male,No,27,No,Artist,8,Low,4,Cat_6,A
465233,Male,Yes,57,Yes,Artist,0,Average,4,Cat_6,B
467208,Female,Yes,39,Yes,Homemaker,,High,2,Cat_6,A
459954,Male,Yes,27,Yes,Healthcare,8,Low,2,Cat_6,D
460219,Female,Yes,51,Yes,Entertainment,8,Average,2,Cat_6,A
460877,Female,Yes,47,No,Artist,0,Average,5,Cat_6,B
460191,Female,No,33,No,Healthcare,8,Low,4,Cat_6,D
463742,Male,Yes,56,Yes,Artist,0,Average,4,Cat_6,C
463691,Female,No,33,No,Homemaker,0,Low,3,Cat_6,B
463250,Female,No,36,Yes,Doctor,0,Low,2,Cat_6,D
463952,Male,Yes,51,No,Artist,4,Low,3,Cat_4,A
461558,Male,Yes,45,Yes,Engineer,2,Average,2,Cat_6,C
466567,Female,No,49,Yes,,1,Low,1,Cat_6,D
465379,Male,No,30,No,Healthcare,0,Low,4,Cat_6,C
463814,Female,No,26,No,Healthcare,6,Low,3,Cat_5,D
466938,Male,Yes,63,Yes,Artist,8,Low,1,Cat_6,A
460671,Male,Yes,35,No,Entertainment,8,Average,4,Cat_3,B
462204,Female,No,19,No,Marketing,1,Low,3,Cat_4,A
461671,Male,No,32,No,Healthcare,7,Low,5,Cat_6,D
459384,Male,Yes,52,Yes,Artist,0,Average,3,Cat_6,C
459905,Female,Yes,36,Yes,Artist,5,Low,2,Cat_6,C
464734,Female,No,42,No,Entertainment,7,Low,3,Cat_4,D
464125,Male,Yes,40,No,Doctor,0,Average,2,Cat_3,D
467434,Male,No,39,Yes,Entertainment,0,Low,3,Cat_1,B
460956,Female,Yes,47,Yes,Artist,1,Average,4,Cat_3,C
465179,Female,Yes,61,Yes,Artist,1,High,2,Cat_6,C
463338,Male,Yes,32,No,Entertainment,1,Low,2,Cat_3,D
467066,Male,Yes,55,No,Artist,0,Low,1,Cat_6,B
463845,Male,Yes,58,Yes,Artist,,Average,1,Cat_6,D
459976,Female,No,38,Yes,Artist,0,Low,1,Cat_6,D
461334,Male,Yes,63,Yes,Artist,0,High,2,Cat_6,C
465108,Male,Yes,58,Yes,Doctor,1,Average,2,Cat_6,C
462600,Male,Yes,30,No,Engineer,3,Average,3,Cat_4,D
464144,Male,Yes,60,Yes,Artist,0,Average,4,Cat_6,C
466911,Male,Yes,68,No,Executive,1,High,7,Cat_6,B
462806,Male,Yes,52,No,Artist,0,Low,3,Cat_4,A
463426,Male,Yes,38,No,Executive,0,High,5,Cat_6,A
464065,Female,Yes,35,Yes,Healthcare,10,Low,2,Cat_6,B
462979,Male,No,18,No,Doctor,1,Low,2,Cat_6,D
462834,Male,Yes,30,Yes,Homemaker,3,Low,2,Cat_1,D
460764,Male,No,86,No,Lawyer,1,Low,1,Cat_6,D
466466,Female,,19,No,Healthcare,6,Low,5,Cat_3,D
460185,Male,No,25,No,Healthcare,9,Low,3,Cat_6,D
459749,Male,Yes,59,Yes,Entertainment,,Low,4,Cat_4,A
464406,Female,No,39,Yes,Artist,0,Low,1,Cat_6,A
467758,Female,Yes,50,Yes,Doctor,1,Low,,Cat_6,B
462059,Male,No,47,Yes,Artist,1,Low,1,Cat_6,C
467905,Male,Yes,43,Yes,Executive,0,High,3,Cat_6,D
461177,Male,Yes,36,No,Executive,8,Average,4,Cat_1,B
460765,Male,Yes,80,No,Lawyer,1,Low,1,Cat_6,D
465386,Male,No,36,Yes,Artist,0,Low,2,Cat_2,C
465827,Male,No,27,No,,2,Low,7,Cat_4,D
462332,Female,Yes,37,Yes,Artist,1,High,2,Cat_7,A
464481,Male,Yes,46,Yes,Executive,0,High,3,Cat_6,C
461011,Male,Yes,55,No,Executive,1,High,4,Cat_3,B
464749,Female,Yes,47,No,Engineer,9,Average,4,Cat_4,B
461094,Female,No,28,Yes,Healthcare,1,Low,3,Cat_3,D
462104,Male,Yes,39,No,Entertainment,9,Low,2,Cat_3,D
464524,Female,Yes,27,No,Marketing,1,Low,2,Cat_6,A
466295,Female,Yes,42,No,Engineer,0,Low,,Cat_6,A
461787,Male,Yes,72,Yes,Artist,0,Average,2,Cat_6,C
467857,Female,Yes,28,Yes,Engineer,0,Low,2,Cat_6,A
460153,Male,No,35,Yes,Entertainment,8,Low,5,Cat_6,C
465215,Male,Yes,39,Yes,Executive,9,High,5,Cat_2,A
466746,Female,Yes,69,Yes,Lawyer,0,High,2,Cat_6,C
464857,Male,No,18,No,Healthcare,6,Low,4,Cat_4,D
459478,Male,Yes,46,Yes,Artist,,Low,1,Cat_6,A
460723,Female,Yes,50,Yes,Engineer,1,High,2,Cat_4,B
459853,Male,No,30,No,Executive,5,Low,5,Cat_6,A
459390,Female,No,41,No,Artist,,Low,2,Cat_6,B
460410,Female,No,39,Yes,Artist,3,Low,4,Cat_6,D
463823,Female,No,29,No,Marketing,8,Low,4,Cat_6,D
462008,Female,Yes,37,Yes,Artist,4,Low,4,Cat_5,B
459750,Female,Yes,39,Yes,Engineer,0,Average,2,Cat_6,A
459880,Female,Yes,48,Yes,Artist,0,Average,5,Cat_7,C
459261,Female,No,32,Yes,Doctor,0,Low,3,Cat_6,C
465656,Male,Yes,78,No,Lawyer,1,Low,,Cat_6,B
465395,Female,Yes,43,No,Engineer,0,Average,5,Cat_4,B
461631,Male,No,29,No,Marketing,8,Low,5,Cat_6,C
464904,Female,Yes,28,No,Engineer,9,Average,2,Cat_4,A
461740,Male,Yes,80,Yes,Lawyer,1,Low,1,Cat_6,B
467092,Female,No,28,Yes,Healthcare,7,Low,4,Cat_6,D
464173,Male,Yes,71,Yes,Artist,6,Average,3,Cat_6,C
464972,Male,Yes,67,No,Lawyer,0,High,9,Cat_4,A
467959,Female,No,26,No,Engineer,0,Low,1,Cat_2,A
467688,Female,Yes,47,Yes,Engineer,0,Average,2,Cat_6,C
460043,Female,Yes,43,Yes,Artist,2,Average,2,Cat_6,B
466590,Female,No,27,Yes,Healthcare,0,Low,4,Cat_6,C
461191,Female,Yes,45,Yes,Marketing,8,Low,4,Cat_6,D
465662,Male,Yes,76,No,Executive,1,Low,1,Cat_6,C
459231,Female,Yes,43,Yes,Artist,3,Average,4,Cat_6,C
466495,Female,Yes,78,Yes,Lawyer,1,High,2,Cat_6,B
459192,Male,Yes,35,Yes,Artist,3,Average,3,Cat_6,C
465710,Female,No,49,Yes,Artist,1,Low,1,Cat_6,C
460258,Female,No,25,Yes,Healthcare,1,Low,5,Cat_6,D
462813,Male,Yes,37,No,Executive,0,Average,5,Cat_6,A
463595,Female,No,32,No,Healthcare,1,Low,5,,C
467768,Male,Yes,60,Yes,Doctor,0,Average,2,Cat_6,C
465291,Female,Yes,45,Yes,Artist,5,Average,3,Cat_6,C
462996,Female,Yes,49,Yes,Homemaker,9,Average,3,Cat_6,C
463497,Male,No,32,Yes,Artist,0,Low,5,Cat_6,D
465301,Female,Yes,40,Yes,Artist,0,Low,3,Cat_3,B
464702,Male,Yes,59,No,Artist,2,Average,2,Cat_4,C
459012,Male,Yes,48,Yes,Artist,3,Low,5,Cat_6,B
465053,Male,Yes,82,Yes,Executive,0,High,2,Cat_6,C
459420,Female,Yes,70,Yes,Lawyer,0,Low,2,Cat_6,B
464166,Male,No,31,Yes,Artist,5,Low,2,Cat_6,B
458987,Female,Yes,72,Yes,Lawyer,0,High,2,Cat_6,C
467745,Male,Yes,50,Yes,Artist,3,Average,4,Cat_6,C
464866,Female,No,23,No,Engineer,11,Low,1,Cat_3,D
461081,Female,No,20,No,Healthcare,2,Low,6,Cat_6,D
467896,Female,No,22,No,Healthcare,4,Low,3,Cat_6,D
463991,Female,No,31,Yes,Engineer,8,Low,1,Cat_6,A
466620,Female,Yes,36,Yes,Artist,7,Average,2,Cat_6,C
462594,Male,Yes,52,No,Entertainment,,Average,5,Cat_4,B
462206,Female,No,29,Yes,Artist,,Low,1,Cat_4,B
460697,Male,Yes,40,Yes,Artist,4,Average,4,Cat_6,C
467934,Female,No,40,Yes,Artist,1,Low,1,Cat_6,A
460054,Male,Yes,38,Yes,Artist,,Low,2,Cat_6,C
459576,Female,Yes,85,No,Lawyer,,Low,,,A
467910,Female,No,21,No,Doctor,1,Low,3,Cat_7,A
467335,Female,Yes,41,No,Engineer,4,Average,2,Cat_6,D
460263,Male,Yes,40,Yes,Artist,0,Low,2,Cat_6,B
459340,Male,Yes,53,Yes,Artist,1,Average,3,Cat_6,B
465622,Female,Yes,42,Yes,Artist,5,Low,2,Cat_6,C
459395,Male,Yes,42,No,Executive,8,Low,2,Cat_6,D
467539,Male,Yes,48,Yes,Artist,,Average,4,Cat_7,C
466574,Male,Yes,59,Yes,Artist,7,Low,2,Cat_6,C
466544,Male,Yes,41,Yes,Executive,1,Average,3,Cat_6,A
463610,Female,Yes,31,Yes,Artist,0,Average,2,Cat_6,A
465539,Female,Yes,49,Yes,Artist,1,High,5,Cat_6,B
459823,Male,Yes,67,Yes,Executive,1,Low,2,Cat_6,A
467614,Male,Yes,35,No,Artist,4,Average,2,Cat_6,B
459073,Female,No,26,Yes,Healthcare,0,Low,3,Cat_6,C
466065,Male,,19,No,Healthcare,9,Low,3,Cat_3,D
464863,Female,Yes,25,No,Engineer,6,Average,8,Cat_4,D
460022,Female,Yes,39,Yes,Healthcare,4,Low,2,Cat_6,A
459929,Male,Yes,63,Yes,Entertainment,0,Low,2,Cat_6,A
466613,Male,No,23,No,Healthcare,8,Low,3,Cat_6,D
461149,Female,No,23,No,Healthcare,0,Low,3,Cat_3,D
466068,Female,Yes,53,Yes,Artist,2,Low,1,Cat_6,C
461513,Male,No,33,Yes,Doctor,0,Low,2,Cat_6,B
464761,Female,Yes,50,No,Engineer,,Average,4,Cat_2,B
466236,Female,Yes,69,Yes,Engineer,0,Low,2,Cat_4,B
459664,Male,No,37,Yes,Artist,2,Low,1,Cat_6,B
461967,Female,No,20,No,Marketing,3,Low,4,Cat_7,C
460516,Female,,85,No,Lawyer,0,High,1,Cat_3,C
461710,Female,Yes,49,Yes,Doctor,1,Average,4,Cat_6,C
462742,Male,No,18,No,Healthcare,0,Low,3,Cat_3,D
459528,Female,Yes,52,Yes,Doctor,0,Average,2,Cat_6,C
462691,Male,Yes,25,No,Doctor,,Average,2,Cat_4,B
462934,Male,Yes,56,No,Executive,,High,2,Cat_6,A
465837,Male,No,62,Yes,,0,Low,1,Cat_6,A
464613,Female,No,35,,Artist,0,Low,3,Cat_6,B
467515,Male,Yes,28,Yes,Engineer,0,Average,2,Cat_6,A
463429,Female,No,28,Yes,Artist,7,Low,3,Cat_6,A
464024,Male,No,20,No,Healthcare,0,Low,5,Cat_7,D
460691,Female,No,27,No,Homemaker,8,Low,1,Cat_3,D
461825,Female,No,56,No,Engineer,,Low,1,Cat_6,A
467271,Male,Yes,45,Yes,Artist,4,Average,4,Cat_6,B
465634,Male,No,25,Yes,Healthcare,1,Low,4,Cat_4,B
464801,Male,No,40,No,Marketing,1,Low,1,Cat_4,D
459429,Female,Yes,25,Yes,Healthcare,,Low,2,Cat_6,D
459888,Female,Yes,74,No,Lawyer,,High,2,Cat_6,D
463467,Female,No,23,No,Healthcare,0,Low,4,,D
462036,Female,Yes,67,Yes,Lawyer,0,High,2,Cat_6,B
461282,Male,No,21,No,Healthcare,0,Low,4,,D
460448,Female,No,38,Yes,Artist,9,Low,1,Cat_3,A
464464,Male,No,28,No,Healthcare,0,Low,4,Cat_2,C
462410,Female,No,32,No,Healthcare,1,Low,5,Cat_7,B
467252,Female,No,33,Yes,,0,Low,4,,D
459756,Female,Yes,56,No,Lawyer,1,High,4,Cat_4,B
463789,Female,Yes,53,Yes,Artist,1,Low,2,Cat_6,C
466947,Male,Yes,57,No,Executive,1,High,5,Cat_6,C
464150,Female,Yes,59,Yes,Artist,0,Average,3,Cat_6,C
465693,Female,Yes,25,Yes,Healthcare,1,High,4,Cat_4,A
461670,Male,Yes,59,Yes,Artist,0,Average,6,Cat_6,C
466768,Female,Yes,36,Yes,Artist,0,Low,4,Cat_6,C
461550,Male,Yes,37,Yes,Entertainment,7,Low,2,Cat_6,A
462438,Male,No,22,No,Doctor,1,Low,3,Cat_2,D
460704,Male,Yes,43,Yes,Artist,1,Low,2,Cat_6,B
464884,Male,Yes,41,Yes,Artist,1,Low,2,Cat_4,A
467050,Female,No,21,No,Engineer,0,Low,5,Cat_2,B
460738,Female,No,49,No,Engineer,1,Low,,Cat_7,A
466176,Male,No,38,Yes,Doctor,8,Low,1,Cat_2,B
459488,Male,Yes,47,No,Artist,,Average,4,Cat_6,A
467773,Male,Yes,70,Yes,Lawyer,1,High,3,Cat_6,C
465425,Female,No,31,No,Engineer,1,Low,4,Cat_6,B
462318,Female,Yes,82,No,Lawyer,0,Average,2,Cat_6,A
466078,Female,Yes,51,No,Executive,,Low,1,Cat_6,A
460792,Female,No,42,No,Homemaker,11,Low,,Cat_6,A
460197,Male,No,38,Yes,Artist,8,Low,3,Cat_2,A
459375,Male,Yes,18,No,Executive,0,High,4,Cat_6,A
463862,Male,Yes,50,Yes,Artist,6,Average,3,Cat_6,C
460144,Female,No,46,Yes,Doctor,1,Low,,Cat_3,A
462721,Female,Yes,72,No,Lawyer,1,High,3,Cat_6,D
459637,Female,No,33,No,Engineer,,Low,4,Cat_6,C
465809,Female,No,25,No,Homemaker,1,Low,7,Cat_4,B
466915,Female,Yes,75,No,Entertainment,2,High,2,Cat_2,D
467343,Male,No,72,Yes,Artist,1,Low,1,Cat_6,B
466268,Female,Yes,72,Yes,Artist,0,Average,3,Cat_4,C
464868,Male,Yes,36,Yes,Entertainment,6,Low,6,Cat_4,A
464038,Male,Yes,40,Yes,Artist,1,Low,2,Cat_6,A
460176,Female,No,28,Yes,Entertainment,0,Low,4,Cat_6,C
462161,Female,No,28,Yes,Doctor,0,Low,3,Cat_6,D
464841,Male,,19,No,Entertainment,0,High,3,Cat_4,D
464893,Male,Yes,43,Yes,Artist,0,Low,2,Cat_4,B
464443,Female,Yes,35,Yes,Artist,1,Average,2,Cat_6,B
467619,Male,Yes,65,Yes,Lawyer,1,High,2,Cat_6,B
465974,Male,Yes,52,Yes,Executive,7,High,4,Cat_4,C
462075,Female,No,40,Yes,Artist,1,Low,1,Cat_6,B
459494,Female,Yes,69,No,Engineer,9,Low,3,Cat_6,A
466921,Female,No,22,No,Healthcare,3,Low,3,Cat_6,D
463544,Male,Yes,47,Yes,Executive,1,Average,4,Cat_6,C
461167,Male,Yes,29,Yes,Marketing,1,High,2,Cat_3,A
467364,Male,Yes,46,Yes,Artist,1,Average,3,Cat_3,C
462408,Male,No,32,Yes,Artist,1,Low,2,Cat_6,A
466224,Female,No,38,Yes,Healthcare,0,Low,1,Cat_2,C
465151,Male,Yes,59,Yes,Artist,0,Low,1,Cat_6,B
467216,Female,No,26,Yes,Entertainment,1,Low,1,Cat_6,D
460586,Male,No,26,Yes,Healthcare,1,Low,2,Cat_3,A
461197,Male,No,28,No,Marketing,0,Low,1,Cat_3,D
462776,Female,Yes,53,Yes,Engineer,1,Average,3,Cat_6,C
465058,Female,No,43,,Entertainment,,Low,1,Cat_6,B
464088,Male,No,27,No,Doctor,1,Low,3,Cat_6,D
459471,Female,No,32,No,Artist,,Low,8,Cat_6,C
464695,Male,No,26,No,Engineer,0,Low,4,Cat_4,D
462331,Female,No,31,No,Entertainment,0,Low,2,Cat_6,D
466523,Male,Yes,39,Yes,Executive,1,High,3,Cat_3,B
465337,Female,Yes,43,No,Engineer,1,Low,3,Cat_7,A
460834,Male,Yes,25,No,Doctor,1,Low,2,Cat_1,A
466824,Male,Yes,40,Yes,Artist,3,High,3,Cat_6,A
461607,Female,Yes,40,Yes,Entertainment,7,Average,2,Cat_3,B
465091,Male,Yes,63,Yes,Entertainment,,Average,3,Cat_6,C
459532,Female,Yes,27,Yes,Healthcare,,Low,2,Cat_6,D
466999,Male,No,27,Yes,Healthcare,1,Low,3,Cat_6,D
466597,Female,No,19,No,Healthcare,1,Low,2,Cat_6,D
464075,Female,Yes,86,Yes,Lawyer,0,High,2,Cat_6,B
463394,Male,Yes,41,Yes,Marketing,,High,2,Cat_6,B
462163,Female,Yes,27,Yes,Artist,4,Average,2,Cat_3,C
463895,Female,Yes,70,No,Doctor,0,Average,2,Cat_6,B
464767,Female,Yes,53,No,Engineer,8,Average,4,Cat_4,B
464763,Female,Yes,49,No,Engineer,,Average,4,Cat_4,B
460718,Male,Yes,55,No,Executive,3,Low,,Cat_4,D
461989,Female,,57,Yes,Engineer,0,Average,4,Cat_2,C
466374,Male,Yes,83,No,Lawyer,,Low,1,Cat_4,B
463738,Male,Yes,43,No,Executive,0,High,4,Cat_6,A
465967,Male,Yes,36,No,Doctor,6,Low,3,Cat_6,A
462260,Male,Yes,74,Yes,Lawyer,0,Low,2,Cat_6,C
467234,Female,No,30,No,Homemaker,0,Low,4,Cat_6,D
466573,Female,No,37,Yes,Artist,5,Low,2,Cat_6,B
463229,Female,No,22,No,Marketing,0,Low,1,Cat_5,B
459768,Male,No,19,No,Healthcare,0,Low,4,Cat_6,D
462541,Male,Yes,70,Yes,Engineer,4,High,2,Cat_6,B
467714,Male,Yes,89,Yes,Lawyer,13,Low,1,Cat_6,A
467730,Male,No,18,No,Healthcare,,Low,4,Cat_6,D
459474,Male,No,25,Yes,Doctor,6,Low,1,Cat_2,D
460093,Female,No,45,Yes,Artist,4,Low,1,Cat_3,A
467865,Female,No,35,Yes,Artist,3,Low,1,Cat_4,A
465758,Female,Yes,37,No,Engineer,7,Low,1,Cat_4,D
464184,Female,Yes,39,No,Engineer,4,Average,2,Cat_6,B
462618,Female,No,32,Yes,Healthcare,1,Low,5,Cat_4,D
464226,Female,Yes,62,Yes,Artist,2,Average,3,Cat_6,C
465432,Female,Yes,58,Yes,Engineer,0,Average,4,Cat_4,B
464087,Female,No,32,No,Engineer,,Low,4,Cat_6,C
466627,Male,No,25,No,Healthcare,0,Low,5,Cat_6,C
467380,Female,Yes,56,Yes,Artist,0,Average,4,Cat_6,C
465842,Female,No,36,Yes,Entertainment,10,Low,2,Cat_6,A
464622,Female,No,30,No,Healthcare,8,Low,3,Cat_6,A
462083,Male,No,19,No,Healthcare,1,Low,5,Cat_6,D
460910,Male,No,27,Yes,Healthcare,0,Low,2,Cat_6,A
460255,Female,No,38,Yes,Doctor,14,Low,1,Cat_6,A
460109,Male,Yes,46,Yes,Artist,8,Average,2,Cat_6,C
464306,Male,No,29,Yes,Artist,3,Low,1,Cat_6,B
466835,Male,Yes,51,No,Entertainment,1,Average,4,Cat_7,B
465192,Male,Yes,55,No,Artist,0,Low,1,Cat_6,A
463380,Female,Yes,69,Yes,Engineer,1,Low,1,Cat_3,A
462391,Female,No,26,No,Healthcare,1,Low,8,Cat_7,C
467086,Female,Yes,83,Yes,Lawyer,0,Low,3,Cat_6,A
460306,Female,No,39,Yes,Healthcare,9,Low,1,Cat_6,D
460752,Male,Yes,35,Yes,Artist,9,Low,1,Cat_6,A
467264,Male,Yes,19,No,Marketing,2,High,5,Cat_6,C
461646,Female,Yes,60,Yes,Artist,,High,4,Cat_6,C
463570,Male,Yes,35,Yes,Artist,,Average,4,Cat_6,C
465277,Female,No,53,Yes,Engineer,,Low,1,Cat_6,B
467426,Female,Yes,86,No,Lawyer,,Low,,Cat_6,B
466258,Female,No,29,No,Healthcare,1,Low,3,Cat_6,B
463719,Female,No,26,No,Doctor,0,Low,1,Cat_6,D
460032,Male,No,36,Yes,Engineer,8,Low,1,Cat_6,A
465175,Female,No,22,No,Homemaker,0,Low,4,Cat_6,D
466610,Male,No,19,No,Marketing,0,Low,5,Cat_6,A
459036,Female,Yes,20,Yes,Lawyer,1,Average,3,Cat_3,A
464047,Male,No,43,Yes,Healthcare,3,Low,3,Cat_6,D
459496,Female,No,42,Yes,Artist,,Low,3,Cat_6,A
459997,Male,No,43,Yes,Entertainment,1,Low,2,Cat_4,A
463382,Female,Yes,50,Yes,Engineer,4,High,3,Cat_6,B
460967,Male,No,25,Yes,Entertainment,1,Low,2,Cat_6,A
465094,Male,Yes,61,No,Artist,1,High,2,Cat_6,B
461229,Female,Yes,28,Yes,Healthcare,0,Average,2,Cat_6,A
466442,Male,No,38,Yes,Artist,1,Low,1,Cat_6,D
464527,Male,No,25,No,Executive,12,Low,3,Cat_6,A
463560,Female,No,18,No,Healthcare,9,Low,5,Cat_4,D
460011,Male,Yes,43,Yes,Entertainment,1,Average,5,Cat_5,C
467207,Female,No,27,Yes,Artist,8,Low,1,Cat_6,B
465177,Female,No,60,Yes,Entertainment,1,Low,2,Cat_6,D
467531,Male,Yes,75,Yes,Lawyer,2,Low,1,Cat_6,D
465409,Female,No,31,No,Doctor,,Low,4,Cat_6,D
462842,Male,No,23,No,Doctor,6,Low,4,Cat_2,D
462124,Male,No,36,Yes,Artist,8,Low,1,Cat_6,A
466265,Male,No,30,No,Doctor,1,Low,1,Cat_3,C
459789,Male,Yes,56,No,Artist,1,Average,2,Cat_6,C
464223,Female,Yes,52,Yes,Artist,2,Low,2,Cat_6,C
460280,Male,Yes,39,Yes,Entertainment,0,Low,1,Cat_6,D
460331,Female,No,35,No,Artist,5,Low,1,Cat_6,A
461494,Male,Yes,33,No,Engineer,0,Average,2,Cat_6,B
460035,Female,No,25,Yes,Artist,0,Low,6,Cat_6,A
463812,Female,Yes,27,Yes,Artist,0,Average,2,Cat_4,B
465569,Male,Yes,35,Yes,Artist,1,High,3,Cat_6,A
466333,Female,Yes,41,Yes,Artist,1,Average,2,Cat_6,C
467668,Female,Yes,49,Yes,Artist,,Average,3,Cat_7,C
462723,Female,Yes,46,No,Artist,8,Average,2,Cat_6,B
460909,Female,No,31,No,Healthcare,,Low,2,Cat_6,D
467777,Male,No,49,Yes,Doctor,,Low,1,Cat_6,C
462404,Female,No,26,Yes,Artist,9,Low,1,Cat_6,A
461799,Male,Yes,43,Yes,Doctor,13,High,2,Cat_6,B
459933,Female,Yes,30,Yes,Artist,8,Low,4,Cat_6,A
463717,Female,Yes,70,Yes,Artist,1,Average,4,Cat_6,C
463652,Female,No,28,Yes,Artist,,Low,1,Cat_6,D
462149,Female,Yes,89,No,Lawyer,3,High,1,Cat_6,D
462769,Female,Yes,42,No,Homemaker,6,High,4,Cat_6,B
465532,Female,Yes,37,Yes,Entertainment,6,Average,3,Cat_4,A
462829,Male,Yes,29,No,Executive,1,Average,3,Cat_6,D
459210,Female,Yes,68,Yes,Artist,1,High,2,Cat_6,C
464659,Female,No,25,No,Engineer,1,Low,1,Cat_4,D
461411,Male,No,29,No,Healthcare,1,Low,,Cat_6,D
467759,Female,Yes,48,Yes,Doctor,0,Low,2,Cat_6,C
461475,Female,Yes,51,Yes,Doctor,1,Average,3,Cat_1,C
462714,Female,Yes,40,Yes,Engineer,1,High,5,Cat_2,B
466890,Male,Yes,47,Yes,Artist,0,Average,6,Cat_7,B
462888,Male,Yes,39,Yes,Executive,,High,3,Cat_6,B
467479,Male,Yes,35,Yes,Executive,1,Average,4,Cat_6,C
466799,Female,No,19,No,Healthcare,2,Low,3,Cat_6,D
466557,Female,No,21,No,Healthcare,7,Low,,Cat_6,D
460873,Male,Yes,46,Yes,Entertainment,0,Average,3,Cat_4,B
466776,Male,Yes,86,Yes,Lawyer,0,Low,1,Cat_6,B
459462,Male,Yes,66,Yes,Artist,0,High,2,Cat_6,B
465727,Male,No,42,No,Marketing,1,Low,5,Cat_4,D
462348,Female,Yes,73,Yes,Lawyer,1,High,2,Cat_6,B
460941,Male,Yes,72,No,Engineer,1,Low,1,Cat_6,A
461629,Male,Yes,53,Yes,Artist,0,Low,3,Cat_6,B
459907,Female,Yes,39,Yes,Artist,8,Average,2,Cat_6,C
467146,Female,No,27,No,Homemaker,9,Low,1,Cat_6,D
460916,Male,Yes,63,No,Entertainment,1,Average,,Cat_6,B
459196,Female,No,23,No,Healthcare,1,Low,3,Cat_4,D
465444,Female,No,30,Yes,Entertainment,0,Low,4,Cat_6,B
464186,Female,Yes,39,Yes,Artist,5,Average,2,Cat_6,C
466412,Male,Yes,26,Yes,Artist,1,Average,3,Cat_6,B
459480,Female,Yes,50,Yes,Entertainment,7,Low,3,Cat_6,A
467880,Female,Yes,45,Yes,Artist,1,Average,2,Cat_6,C
460216,Female,No,62,No,Entertainment,2,Low,1,Cat_6,A
467941,Female,No,27,Yes,Doctor,1,Low,3,Cat_6,A
466090,Male,Yes,57,Yes,Entertainment,1,Low,,Cat_6,A
462572,Female,Yes,30,No,Engineer,1,Average,7,Cat_4,A
467443,Male,No,32,No,Healthcare,7,Low,4,Cat_3,A
462548,Male,No,18,,Executive,,Low,5,Cat_4,A
459701,Male,No,47,No,Artist,3,Low,3,Cat_5,B
461139,Female,No,32,Yes,Artist,4,Low,4,Cat_2,A
461115,Female,Yes,32,No,Engineer,5,Low,3,Cat_1,A
459027,Male,Yes,67,Yes,Doctor,1,Average,4,Cat_6,B
467340,Female,Yes,77,Yes,Lawyer,0,High,2,Cat_6,C
461410,Male,Yes,79,No,,0,Average,2,,C
460857,Male,No,31,No,Entertainment,1,Low,1,Cat_4,A
464300,Male,Yes,42,Yes,Artist,0,Low,3,Cat_4,A
460532,Female,No,18,No,,0,Low,6,Cat_6,D
463287,Male,Yes,50,Yes,Artist,1,Average,4,Cat_2,C
461392,Male,Yes,71,Yes,Artist,0,Average,5,Cat_6,C
461546,Female,Yes,72,No,Lawyer,1,Low,3,Cat_6,A
467780,Male,Yes,47,Yes,Artist,,Low,3,Cat_6,A
462130,Male,Yes,45,Yes,Artist,9,Average,2,Cat_6,C
464684,Female,No,40,No,Engineer,9,Low,5,Cat_4,A
462276,Female,No,36,Yes,Engineer,4,Low,1,Cat_6,A
462142,Female,No,42,Yes,Artist,,Low,1,Cat_6,B
462417,Male,No,30,No,Healthcare,4,Low,4,Cat_6,D
466463,Female,No,29,Yes,Healthcare,2,Low,4,Cat_4,B
464736,Male,No,28,Yes,Engineer,0,Low,5,Cat_4,D
467520,Male,,22,No,Healthcare,,Low,2,Cat_6,D
459835,Male,Yes,85,No,Lawyer,,Low,1,Cat_6,D
463855,Female,Yes,40,Yes,Artist,1,Average,2,Cat_6,C
460344,Female,Yes,52,Yes,Artist,14,Average,2,Cat_6,C
466211,Male,Yes,47,Yes,Artist,0,Low,,Cat_6,C
460139,Male,No,26,No,Artist,6,Low,6,Cat_5,D
464126,Female,No,55,Yes,Marketing,3,Low,1,Cat_6,B
461286,Female,No,20,No,Doctor,4,Low,4,Cat_6,D
461621,Female,Yes,87,Yes,Lawyer,0,High,2,Cat_6,C
460163,Male,No,28,No,Healthcare,0,Low,2,Cat_4,A
461958,Male,No,38,No,Artist,2,Low,2,Cat_3,A
464875,Male,Yes,42,No,Entertainment,1,Low,2,Cat_4,B
464791,Male,Yes,42,No,Marketing,0,High,6,Cat_4,A
464579,Female,No,29,No,Engineer,1,Low,4,Cat_6,D
463531,Male,No,32,Yes,Doctor,0,Low,4,Cat_6,A
462651,Male,Yes,38,No,Executive,,High,5,Cat_4,D
465486,Female,Yes,59,No,Artist,1,High,2,Cat_6,C
460882,Male,No,22,No,Healthcare,0,Low,2,Cat_3,D
467162,Female,No,26,No,Homemaker,9,Low,,Cat_4,D
461298,Female,Yes,78,Yes,Artist,1,High,2,Cat_6,C
461595,Female,No,32,Yes,Healthcare,0,Low,3,Cat_4,A
459260,Male,Yes,37,Yes,Artist,0,Average,4,Cat_7,C
462772,Male,Yes,37,Yes,Healthcare,1,High,4,Cat_6,B
462941,Male,No,67,No,Lawyer,,Low,2,Cat_6,D
459143,Male,Yes,47,No,Artist,0,High,4,Cat_6,B
464532,Female,Yes,68,Yes,Lawyer,0,High,2,Cat_6,A
460056,Male,No,30,Yes,Healthcare,3,Low,5,Cat_1,C
466761,Female,Yes,48,Yes,Entertainment,2,Low,1,Cat_1,A
465469,Female,No,43,Yes,Artist,6,Low,1,Cat_6,C
461886,Male,Yes,33,Yes,Healthcare,9,Low,2,Cat_6,D
465680,Male,Yes,31,No,Healthcare,0,Average,5,Cat_4,D
459316,Male,Yes,32,Yes,Healthcare,1,Low,2,Cat_6,D
465609,Female,No,21,No,Healthcare,1,Low,4,Cat_2,D
467009,Female,No,29,No,Homemaker,2,Low,4,Cat_3,D
461766,Female,Yes,35,Yes,Artist,1,Low,2,Cat_4,A
464938,Male,Yes,46,No,Artist,0,Low,3,Cat_4,A
462034,Female,Yes,38,Yes,Artist,9,High,2,Cat_2,B
464049,Female,No,32,Yes,Healthcare,1,Low,3,Cat_6,C
467925,Female,No,28,Yes,Artist,3,Low,7,Cat_2,A
463711,Female,Yes,68,Yes,Lawyer,3,Low,1,Cat_6,A
463846,Female,Yes,45,Yes,Artist,4,Low,1,Cat_6,C
462064,Male,Yes,58,Yes,Artist,0,Average,3,Cat_7,C
463249,Male,No,28,No,Entertainment,1,Low,2,Cat_7,A
464217,Female,No,32,No,Healthcare,12,Low,3,Cat_6,A
463378,Male,No,30,Yes,Doctor,1,Low,1,Cat_3,B
463035,Female,Yes,42,No,Homemaker,3,Average,4,Cat_6,D
459656,Male,No,22,No,,,Low,6,Cat_1,D
463114,Male,No,41,Yes,Artist,,Low,3,Cat_6,C
465309,Female,No,18,No,Healthcare,6,Low,4,Cat_7,D
462688,Female,Yes,29,Yes,Healthcare,8,Low,3,Cat_3,D
459255,Female,No,33,Yes,Healthcare,0,Low,3,Cat_6,A
467385,Male,No,47,No,Artist,1,Low,,Cat_4,A
467492,Female,Yes,57,Yes,Doctor,1,Low,2,Cat_7,A
460789,Male,Yes,36,Yes,Executive,1,Low,3,Cat_6,D
467307,Male,Yes,57,Yes,Executive,1,High,3,Cat_6,C
464026,Male,No,18,No,Healthcare,1,Low,2,Cat_6,D
464645,Male,,52,Yes,Artist,1,Average,5,Cat_4,C
462493,Male,Yes,52,Yes,Artist,1,Average,6,Cat_6,C
460685,Male,No,51,,Artist,6,Low,4,Cat_4,B
460452,Female,Yes,37,Yes,Entertainment,0,Average,2,Cat_1,B
459322,Male,No,36,Yes,Marketing,0,Low,1,Cat_6,A
464066,Female,No,29,Yes,Healthcare,9,Low,3,Cat_4,A
461114,Male,Yes,45,Yes,Artist,1,Average,4,Cat_3,C
465165,Male,No,61,Yes,Artist,0,Low,1,Cat_6,B
464526,Male,Yes,52,Yes,Entertainment,1,Average,4,Cat_6,A
460666,Female,Yes,49,Yes,Homemaker,14,Low,1,Cat_6,A
465417,Male,Yes,40,Yes,Entertainment,,Average,2,Cat_4,B
464096,Female,No,31,No,Healthcare,1,Low,5,Cat_4,C
464891,Male,Yes,42,No,Entertainment,1,Low,3,Cat_4,A
460107,Male,Yes,51,Yes,Engineer,1,Average,5,Cat_6,C
467708,Female,No,42,Yes,Healthcare,8,Low,1,Cat_7,D
461873,Male,No,29,Yes,Doctor,1,Low,4,Cat_6,C
465181,Female,No,33,Yes,Healthcare,8,Low,1,Cat_4,A
467204,Male,No,27,Yes,Healthcare,,Low,3,Cat_6,D
467320,Female,No,21,No,Healthcare,0,Low,4,Cat_2,D
459468,Male,Yes,35,No,Artist,9,Average,3,Cat_6,B
467316,Female,No,42,Yes,Doctor,0,Low,1,Cat_6,A
466182,Female,No,41,Yes,Artist,2,Low,1,Cat_6,C
463757,Male,No,39,Yes,Artist,0,Low,3,Cat_6,B
462314,Female,No,28,No,Doctor,14,Low,1,Cat_6,A
466392,Female,Yes,45,Yes,Engineer,3,Average,,Cat_3,B
466652,Female,Yes,61,Yes,Doctor,1,Average,2,Cat_6,B
461664,Male,Yes,62,Yes,Artist,0,Average,4,Cat_6,C
464105,Male,Yes,65,Yes,Entertainment,1,Average,2,Cat_6,C
466790,Male,Yes,45,Yes,Doctor,1,Average,2,Cat_3,A
463844,Female,Yes,26,Yes,Engineer,9,Low,2,Cat_6,B
462913,Female,No,25,Yes,Artist,4,Low,5,Cat_6,C
465541,Female,Yes,45,Yes,Artist,1,Average,4,Cat_7,C
459149,Male,Yes,43,No,Executive,0,High,4,Cat_6,B
464508,Male,Yes,49,Yes,Executive,1,High,3,Cat_6,C
458999,Male,Yes,55,Yes,Artist,1,Average,2,Cat_6,C
459947,Female,No,37,Yes,Artist,3,Low,1,Cat_6,B
465500,Male,Yes,65,Yes,Entertainment,1,High,2,Cat_6,C
466009,Female,No,32,No,,10,Low,5,Cat_6,C
466338,Female,No,39,No,Engineer,0,Low,3,Cat_4,A
465122,Female,Yes,40,Yes,Artist,2,Average,2,Cat_6,C
465230,Male,Yes,72,Yes,Entertainment,1,Average,3,Cat_6,C
466369,Female,No,38,No,Homemaker,5,Low,1,Cat_2,B
463939,Male,No,26,No,Marketing,0,Low,5,Cat_6,D
460825,Male,No,30,Yes,Doctor,1,Low,3,Cat_4,D
461125,Male,Yes,51,Yes,Homemaker,1,Low,,Cat_4,A
463471,Male,No,57,Yes,Marketing,1,Low,4,Cat_7,A
467415,Female,No,31,Yes,Healthcare,1,Low,1,Cat_6,D
465879,Male,No,39,Yes,Artist,0,Low,1,Cat_6,A
463961,Female,No,30,No,Engineer,0,Low,4,Cat_4,A
462634,Female,Yes,43,No,Artist,0,Average,3,Cat_4,A
463622,Male,No,27,Yes,Healthcare,8,Low,1,Cat_3,C
466624,Female,Yes,46,No,Artist,0,Average,4,Cat_3,C
467785,Male,Yes,43,No,Artist,1,Low,2,Cat_6,B
461928,Male,Yes,69,Yes,Lawyer,,Low,1,,A
460578,Male,Yes,28,No,Entertainment,8,Average,4,Cat_7,D
460198,Male,No,43,Yes,Entertainment,9,Low,1,Cat_6,D
467468,Female,No,27,No,Healthcare,,Low,5,Cat_7,D
463581,Female,No,28,Yes,Healthcare,1,Low,3,Cat_6,D
463968,Male,No,33,No,Artist,,Low,4,Cat_6,D
465414,Female,No,30,No,Engineer,0,Low,1,,B
464574,Male,No,58,No,Healthcare,4,Low,2,Cat_6,D
462312,Female,No,38,Yes,Engineer,8,Low,4,Cat_6,A
467971,Female,No,31,Yes,Artist,1,Low,4,Cat_6,D
464746,Male,Yes,32,No,Executive,4,Average,5,Cat_4,D
459298,Male,Yes,45,Yes,Artist,4,Average,4,Cat_6,C
466414,Male,Yes,66,Yes,Artist,1,Low,3,Cat_6,A
460773,Female,Yes,51,Yes,Artist,1,Average,3,Cat_6,C
461594,Female,Yes,59,Yes,Artist,,Average,2,Cat_6,C
462713,Female,No,40,Yes,Engineer,,Low,1,Cat_3,B
465163,Male,Yes,46,Yes,Artist,11,Average,5,Cat_6,C
462222,Male,No,20,No,Healthcare,1,Low,6,Cat_4,D
459342,Female,Yes,84,No,Lawyer,1,High,2,Cat_6,C
463006,Female,No,41,Yes,Marketing,,Low,1,Cat_6,D
463029,Male,Yes,51,No,Artist,,Average,3,Cat_6,C
460767,Male,Yes,57,Yes,Entertainment,8,Average,5,Cat_2,A
464319,Female,No,33,No,Doctor,0,Low,1,Cat_6,A
462828,Male,No,25,No,Marketing,3,Low,3,Cat_5,D
459873,Male,Yes,55,Yes,Artist,,Average,3,Cat_4,A
461608,Female,Yes,56,Yes,Executive,,High,4,Cat_1,A
465155,Male,Yes,77,Yes,Lawyer,1,Low,1,Cat_6,C
461704,Male,Yes,30,Yes,Healthcare,1,Low,2,Cat_6,A
464826,Male,No,23,No,Healthcare,6,Low,5,Cat_4,D
462677,Female,No,43,Yes,Artist,2,Low,4,Cat_6,B
465006,Male,No,39,Yes,Entertainment,5,Low,1,Cat_6,A
463483,Male,Yes,29,No,Executive,1,High,2,Cat_6,D
459816,Male,Yes,37,Yes,Doctor,,Low,2,Cat_6,D
459002,Female,Yes,45,No,Engineer,2,Low,2,Cat_6,D
465990,Male,Yes,48,No,Executive,2,High,2,Cat_2,D
466044,Male,Yes,27,No,Entertainment,0,Average,4,Cat_6,A
461163,Female,Yes,60,No,Entertainment,9,Low,4,Cat_3,B
467106,Male,Yes,45,Yes,Entertainment,4,Average,3,Cat_2,B
467373,Male,No,31,Yes,Healthcare,,Low,1,Cat_6,D
461256,Male,No,33,No,Doctor,1,Low,4,Cat_4,C
466522,Male,,18,No,,6,High,4,Cat_3,D
459010,Female,Yes,48,Yes,Artist,,Average,3,Cat_6,B
466537,Female,Yes,83,No,Lawyer,,Low,2,Cat_6,A
459046,Male,Yes,57,Yes,Executive,,Low,4,Cat_2,A
459335,Male,No,26,Yes,Healthcare,,Low,3,Cat_1,D
462695,Male,Yes,51,Yes,Artist,8,Low,5,Cat_6,A
466208,Male,Yes,67,No,Executive,2,High,1,Cat_6,C
462128,Male,Yes,38,Yes,Artist,9,Average,2,Cat_6,C
467329,Female,No,40,Yes,Doctor,0,Low,1,Cat_6,C
461609,Female,Yes,45,Yes,Artist,5,Average,2,Cat_6,B
464470,Male,Yes,48,Yes,Artist,0,Average,4,Cat_6,C
462705,Female,Yes,69,No,Lawyer,0,Average,2,Cat_6,C
465255,Male,No,21,No,Healthcare,9,Low,5,Cat_6,D
462536,Female,Yes,48,No,Engineer,1,High,,Cat_6,B
461186,Female,No,18,No,Healthcare,,Low,3,Cat_3,D
466018,Male,Yes,72,Yes,Artist,0,Low,3,Cat_4,C
461385,Male,Yes,85,No,Lawyer,,Low,1,Cat_6,D
459115,Female,No,21,No,Marketing,1,Low,5,Cat_4,D
461263,Female,Yes,48,Yes,Artist,1,Low,1,Cat_4,A
460027,Female,No,37,Yes,Entertainment,6,Low,,Cat_6,A
460366,Male,No,28,No,Healthcare,1,Low,5,Cat_4,D
464106,Male,Yes,55,Yes,Entertainment,1,Low,2,Cat_6,A
465696,Female,No,56,Yes,Artist,0,Low,2,Cat_6,C
461627,Male,Yes,50,Yes,Doctor,1,Low,2,Cat_6,C
467963,Male,No,21,No,Healthcare,1,Low,4,Cat_6,D
462437,Male,No,18,No,Healthcare,0,Low,6,Cat_6,D
467543,Male,Yes,68,Yes,Lawyer,0,High,2,Cat_6,B
465206,Male,Yes,47,Yes,Artist,13,Low,1,Cat_6,C
463040,Male,Yes,75,No,Lawyer,1,High,2,Cat_6,B
461668,Male,Yes,50,Yes,Artist,3,Average,4,Cat_2,C
461955,Male,No,31,Yes,Healthcare,0,Low,4,Cat_6,D
467139,Female,No,30,Yes,Artist,0,Low,3,Cat_6,A
459366,Female,Yes,41,Yes,Artist,0,Low,4,Cat_6,A
460689,Male,Yes,41,,Executive,6,High,2,Cat_3,A
462167,Female,Yes,35,No,Healthcare,2,Low,1,Cat_6,A
466752,Male,Yes,37,Yes,Healthcare,0,Low,1,Cat_6,D
462778,Male,Yes,60,Yes,Entertainment,0,Low,,Cat_6,D
466902,Male,Yes,50,Yes,Doctor,0,Average,3,Cat_6,C
459534,Male,Yes,36,Yes,Artist,0,Average,2,Cat_6,C
463399,Female,No,26,No,Marketing,3,Low,3,Cat_3,A
465538,Male,Yes,62,No,,7,High,2,Cat_6,D
464878,Male,No,22,No,Healthcare,0,Low,4,Cat_4,D
467599,Female,No,19,No,Healthcare,0,Low,3,Cat_6,D
466226,Female,Yes,45,Yes,Artist,0,Average,5,Cat_6,C
463576,Female,No,31,No,Doctor,0,Low,4,Cat_6,D
464911,Male,Yes,56,Yes,Artist,0,Average,3,Cat_4,C
466457,Female,Yes,62,,Lawyer,8,Low,5,Cat_6,A
463909,Female,No,25,Yes,Healthcare,1,Low,3,Cat_6,B
466099,Female,Yes,73,Yes,Lawyer,1,Low,1,Cat_6,B
464427,Male,Yes,62,Yes,Doctor,1,Average,4,Cat_3,C
463951,Male,Yes,46,No,Entertainment,0,Average,3,Cat_6,A
465638,Female,Yes,51,Yes,Artist,,Low,,Cat_3,C
465289,Male,Yes,25,Yes,Executive,1,High,2,Cat_6,A
466718,Male,Yes,66,,Executive,0,High,2,Cat_6,B
464219,Male,No,27,Yes,Marketing,1,Low,2,Cat_3,A
467098,Male,Yes,87,No,Executive,1,Low,2,Cat_6,A
467451,Female,Yes,47,Yes,Artist,0,Low,1,Cat_1,A
465137,Male,Yes,57,Yes,Artist,1,Average,4,Cat_6,C
462289,Male,Yes,60,Yes,Artist,0,Average,4,Cat_3,A
467459,Male,Yes,40,Yes,Executive,,High,5,Cat_6,B
460308,Female,No,32,Yes,Doctor,7,Low,,Cat_2,A
467647,Male,No,28,Yes,Healthcare,2,Low,3,Cat_6,D
459803,Male,No,39,Yes,Doctor,4,Low,3,Cat_6,C
465972,Female,No,47,Yes,Marketing,9,Low,1,Cat_6,D
459414,Female,No,39,Yes,,8,Low,,Cat_6,C
466173,Male,No,28,No,Entertainment,1,Low,,Cat_3,A
464136,Male,Yes,69,Yes,Artist,0,Average,3,Cat_6,A
459286,Female,No,42,Yes,Artist,0,Low,1,Cat_6,D
463580,Female,Yes,46,Yes,Engineer,1,Low,1,Cat_6,D
466636,Female,No,23,No,Marketing,3,Low,3,Cat_6,C
461064,Male,No,45,Yes,Artist,1,Low,5,Cat_6,C
461597,Female,Yes,38,Yes,Doctor,1,Average,4,Cat_6,B
458990,Female,Yes,71,No,Lawyer,1,High,3,Cat_6,D
461351,Female,No,26,No,Doctor,0,Low,2,Cat_6,D
464420,Female,Yes,60,Yes,Artist,8,High,2,Cat_6,C
462060,Female,Yes,46,Yes,Artist,1,Average,2,Cat_6,C
465707,Male,Yes,39,Yes,Entertainment,1,Average,4,Cat_3,C
463733,Female,No,18,No,Healthcare,1,Low,3,Cat_6,D
463960,Male,Yes,26,Yes,Doctor,1,Average,2,Cat_7,A
462395,Male,Yes,53,Yes,Artist,1,High,2,Cat_6,D
461015,Male,Yes,40,Yes,Entertainment,1,Average,2,Cat_3,C
464965,Male,Yes,76,No,Executive,,Low,7,Cat_4,D
466267,Male,Yes,26,Yes,Entertainment,0,Average,3,Cat_3,A
464056,Female,Yes,65,Yes,Artist,0,Average,2,Cat_6,C
465898,Female,No,37,Yes,Artist,12,Low,2,Cat_6,A
465361,Male,No,25,No,Healthcare,0,Low,4,Cat_3,C
461394,Female,No,21,No,Engineer,0,Low,5,Cat_2,D
466269,Female,No,25,No,Healthcare,0,Low,4,Cat_2,D
466213,Male,No,23,No,Healthcare,4,Low,5,Cat_6,D
465550,Female,No,30,Yes,Healthcare,1,Low,6,Cat_3,D
463451,Female,No,30,No,Doctor,0,Low,4,Cat_6,D
463877,Male,Yes,42,No,Entertainment,0,Average,4,Cat_4,A
459499,Female,Yes,81,No,Lawyer,,High,2,Cat_6,D
463876,Male,Yes,49,Yes,Entertainment,1,Average,5,Cat_6,C
465448,Male,No,32,No,Healthcare,0,Low,3,Cat_2,A
463041,Female,Yes,43,Yes,Artist,,Average,4,Cat_2,B
459325,Male,Yes,26,No,Executive,9,High,4,Cat_6,D
467233,Female,No,67,No,Artist,1,Low,2,Cat_6,B
465264,Male,Yes,88,No,Executive,0,Low,1,Cat_6,A
461811,Female,No,40,Yes,Healthcare,8,Low,4,Cat_2,D
466370,Female,,48,Yes,Artist,0,Low,4,Cat_2,C
465368,Male,No,18,No,Healthcare,7,Low,3,Cat_1,D
461245,Male,Yes,39,Yes,,5,Average,3,Cat_6,A
467693,Male,Yes,61,Yes,Entertainment,7,High,5,Cat_6,B
467879,Female,Yes,51,Yes,Artist,,High,4,Cat_6,C
461499,Female,Yes,25,No,Engineer,0,Average,2,Cat_4,A
465936,Male,No,35,Yes,Artist,6,Low,3,Cat_6,B
459748,Male,Yes,46,No,Executive,0,High,2,Cat_6,C
466376,Female,Yes,53,No,Homemaker,2,High,3,Cat_6,B
460215,Male,Yes,48,Yes,Entertainment,9,Low,1,Cat_6,D
462076,Male,Yes,75,Yes,Lawyer,1,Low,2,Cat_6,D
465756,Male,No,23,No,Healthcare,1,Low,3,Cat_4,D
463573,Male,No,29,No,Doctor,1,Low,2,Cat_6,D
463455,Male,Yes,46,No,Artist,0,Low,2,Cat_6,B
460841,Female,No,61,Yes,Marketing,1,Low,1,Cat_6,D
463959,Female,No,37,No,Artist,1,Low,1,Cat_6,B
461792,Female,No,23,No,Healthcare,6,Low,5,Cat_2,D
459118,Male,No,21,No,Healthcare,,Low,8,Cat_6,D
462791,Female,No,33,No,Healthcare,7,Low,4,Cat_5,D
460852,Male,Yes,74,No,Executive,0,Low,,,D
463102,Male,No,41,No,Entertainment,0,Low,2,Cat_6,D
463302,Female,Yes,58,Yes,Engineer,,High,4,Cat_6,B
462659,Male,Yes,25,Yes,Entertainment,8,Average,2,Cat_6,A
463408,Male,No,33,No,Marketing,2,Low,3,Cat_6,D
462071,Male,Yes,43,No,Doctor,0,Low,2,Cat_6,A
464806,Male,Yes,25,No,Executive,1,Low,2,Cat_4,D
463664,Female,No,26,No,Engineer,0,Low,1,Cat_6,A
467795,Male,No,22,No,Healthcare,1,Low,5,Cat_6,D
459141,Male,Yes,28,No,Artist,0,Average,2,Cat_6,D
465900,Female,No,36,Yes,Entertainment,7,Low,1,Cat_6,A
467265,Female,No,28,No,Healthcare,1,Low,3,Cat_4,C
464490,Male,Yes,85,Yes,Artist,1,High,4,Cat_6,A
461920,Male,No,30,Yes,Entertainment,0,Low,,Cat_6,D
460411,Male,Yes,43,Yes,Healthcare,7,High,2,Cat_6,A
466491,Male,Yes,82,No,Executive,1,High,2,Cat_6,B
459062,Male,,48,Yes,Executive,,High,5,Cat_6,B
465248,Female,No,18,No,Healthcare,3,Low,3,Cat_2,D
463308,Male,Yes,53,Yes,Engineer,1,Low,2,Cat_3,A
463478,Male,Yes,50,Yes,Artist,0,Average,4,Cat_6,B
465396,Female,Yes,39,No,Engineer,9,Average,6,Cat_4,D
461954,Female,Yes,35,No,Engineer,2,Average,6,Cat_2,B
467287,Male,No,28,Yes,Entertainment,,Low,3,Cat_4,D
463800,Female,No,33,Yes,Engineer,1,Low,3,Cat_6,A
459894,Female,Yes,35,Yes,Healthcare,1,Low,3,Cat_6,C
459778,Male,Yes,48,Yes,Entertainment,0,Average,4,Cat_6,B
464662,Female,Yes,50,Yes,Artist,1,High,3,Cat_4,C
460878,Male,Yes,47,No,Entertainment,0,Average,4,Cat_6,C
462187,Female,No,50,Yes,Artist,4,Low,1,Cat_6,C
462675,Male,Yes,56,Yes,Artist,,Low,4,Cat_3,A
461908,Female,No,26,No,Healthcare,10,Low,1,Cat_6,D
461951,Male,No,21,No,Healthcare,0,Low,4,Cat_6,D
465352,Male,Yes,61,Yes,Entertainment,1,Average,4,Cat_6,C
464258,Female,Yes,88,No,Lawyer,0,High,2,Cat_6,B
464215,Male,No,72,No,Marketing,1,Low,2,Cat_6,D
467561,Male,Yes,61,Yes,Artist,1,Low,2,Cat_6,B
460322,Female,Yes,45,No,Engineer,8,Low,,Cat_6,A
464665,Female,Yes,51,No,Engineer,1,Average,5,Cat_4,B
460670,Male,No,42,Yes,Artist,6,Low,2,Cat_3,B
461486,Male,Yes,59,No,Entertainment,8,Average,3,Cat_6,C
459526,Female,No,45,Yes,Healthcare,4,Low,1,Cat_6,A
465429,Female,Yes,68,Yes,Artist,,Average,3,Cat_6,C
466492,Female,Yes,85,Yes,Lawyer,0,High,2,Cat_6,A
459489,Male,Yes,46,Yes,Doctor,1,Average,4,Cat_6,B
459681,Female,Yes,32,Yes,Artist,0,Average,2,Cat_6,B
462971,Female,Yes,70,Yes,Engineer,0,Low,1,Cat_6,C
461233,Male,Yes,37,Yes,Entertainment,,Low,,Cat_3,D
461221,Female,No,30,No,Marketing,1,Low,4,Cat_6,B
464090,Female,No,33,Yes,Engineer,1,Low,2,Cat_6,A
459863,Male,Yes,61,No,Healthcare,,Low,3,Cat_6,A
459822,Female,No,37,Yes,Engineer,0,Low,1,Cat_4,D
462540,Male,Yes,32,Yes,Entertainment,6,Low,2,Cat_2,B
467411,Male,Yes,52,Yes,Artist,0,High,2,Cat_6,B
463997,Female,Yes,42,No,Entertainment,0,Average,3,Cat_6,B
464103,Male,Yes,47,Yes,Artist,3,Average,2,Cat_6,B
465751,Female,Yes,52,Yes,Artist,9,Low,2,Cat_6,C
459797,Male,Yes,66,Yes,Entertainment,0,Average,3,Cat_6,C
460798,Female,No,28,No,Engineer,,Low,6,Cat_6,C
464572,Female,Yes,47,Yes,Marketing,1,Low,1,Cat_6,D
462352,Male,Yes,52,Yes,Entertainment,1,Average,3,Cat_6,B
460513,Male,No,27,No,Healthcare,2,Low,4,Cat_3,D
463228,Female,Yes,56,Yes,Artist,0,Average,5,Cat_6,B
464765,Female,Yes,53,No,Engineer,7,Average,6,Cat_4,A
463720,Female,Yes,45,Yes,Artist,1,Average,4,Cat_4,B
460799,Female,No,37,No,Homemaker,1,Low,1,Cat_1,D
460891,Female,Yes,36,No,Artist,2,Average,4,Cat_3,C
460311,Male,No,25,Yes,Entertainment,2,Low,3,Cat_1,D
466727,Female,Yes,45,Yes,Artist,1,Average,2,Cat_6,B
466157,Male,Yes,72,Yes,Homemaker,9,Low,,,A
465138,Male,No,35,Yes,Entertainment,1,Low,3,Cat_3,A
466361,Female,Yes,72,Yes,Lawyer,1,High,2,Cat_6,B
463154,Female,Yes,31,No,Artist,1,Low,4,Cat_6,D
462967,Male,Yes,47,No,Entertainment,4,Average,3,Cat_6,B
460908,Male,No,20,No,Healthcare,7,Low,3,Cat_6,D
467560,Female,Yes,73,Yes,Lawyer,1,Low,2,Cat_6,B
463404,Male,Yes,29,No,Doctor,,High,2,Cat_3,B
463281,Male,Yes,25,No,Entertainment,3,Average,2,Cat_3,D
462466,Male,Yes,52,Yes,Executive,0,High,4,Cat_6,C
463744,Female,No,27,Yes,Artist,1,Low,6,Cat_6,C
464209,Male,Yes,52,Yes,Executive,1,Average,4,Cat_2,C
462528,Female,Yes,49,Yes,Artist,0,Low,1,Cat_6,C
459518,Male,Yes,60,,,,Average,4,Cat_6,B
460061,Male,No,45,Yes,Marketing,0,Low,1,Cat_3,D
466188,Male,Yes,59,Yes,Artist,4,Low,1,Cat_4,B
467914,Female,No,18,No,Healthcare,8,Low,5,Cat_6,D
462758,Male,No,18,No,Healthcare,0,Low,3,Cat_6,D
465704,Male,Yes,55,No,Artist,1,Low,1,Cat_6,C
460397,Female,No,59,Yes,Entertainment,1,Low,1,Cat_6,A
466676,Male,No,22,No,Healthcare,0,Low,2,Cat_6,D
465024,Male,Yes,52,Yes,Executive,0,High,4,Cat_6,C
461630,Male,Yes,51,Yes,Artist,1,Average,3,Cat_6,C
465328,Male,Yes,35,No,Executive,0,High,5,Cat_6,A
461220,Female,No,26,No,Executive,8,Low,3,Cat_6,D
463935,Male,Yes,38,Yes,Entertainment,1,Average,2,Cat_6,C
460514,Male,Yes,43,Yes,Doctor,1,Low,4,Cat_3,A
466262,Male,No,41,Yes,Entertainment,1,Low,2,Cat_3,A
467094,Female,No,27,No,Homemaker,8,Low,,Cat_4,D
459280,Male,Yes,60,Yes,,0,Low,1,Cat_6,B
464581,Female,No,25,No,Doctor,,Low,4,Cat_6,D
459624,Male,No,18,No,Healthcare,,Low,5,Cat_4,D
460890,Male,Yes,47,Yes,Artist,0,Average,4,Cat_3,C
466415,Male,Yes,71,No,Marketing,1,Low,1,Cat_6,D
462392,Female,No,32,Yes,Entertainment,1,Low,3,Cat_6,A
459706,Male,Yes,60,Yes,Entertainment,1,Average,3,Cat_6,C
464429,Female,No,33,Yes,Healthcare,0,Low,,Cat_6,B
467446,Female,No,37,Yes,Artist,9,Low,1,Cat_2,A
460528,Male,Yes,48,Yes,Homemaker,9,Low,1,Cat_3,C
464836,Female,,33,No,Engineer,7,High,5,Cat_4,D
459212,Female,Yes,68,Yes,Artist,1,Average,2,Cat_6,C
462364,Male,Yes,51,No,Artist,0,Low,3,Cat_6,A
464549,Male,Yes,52,Yes,Executive,1,Low,4,Cat_6,C
464555,Male,Yes,31,Yes,Marketing,13,High,4,Cat_4,D
462027,Male,No,39,No,Engineer,1,Low,1,Cat_6,A
467110,Male,,60,Yes,Lawyer,1,High,1,Cat_6,D
467123,Female,Yes,50,Yes,Executive,4,High,3,Cat_6,B
459599,Female,No,19,No,Healthcare,,Low,4,Cat_1,D
467826,Male,No,18,No,Healthcare,0,Low,6,Cat_6,D
461837,Male,Yes,37,Yes,Artist,0,Low,2,Cat_6,C
467328,Female,Yes,50,Yes,Doctor,1,Average,3,Cat_6,B
467962,Female,No,20,No,Healthcare,0,Low,,Cat_6,D
464025,Male,No,19,No,Healthcare,1,Low,6,Cat_6,D
460385,Male,No,31,Yes,Healthcare,0,Low,4,Cat_6,D
462551,Male,Yes,53,Yes,Doctor,14,Average,2,Cat_6,B
462047,Female,Yes,26,Yes,Artist,12,Average,2,Cat_6,B
459958,Male,No,37,Yes,Healthcare,8,Low,3,Cat_6,D
465690,Female,Yes,49,No,Healthcare,,Average,2,Cat_4,B
459221,Male,Yes,70,No,Entertainment,,Low,1,Cat_6,B
461059,Female,Yes,48,No,Lawyer,1,High,2,Cat_6,D
461227,Male,No,21,No,Healthcare,0,Low,4,Cat_6,D
466246,Male,No,19,No,Healthcare,0,Low,4,Cat_2,D
462619,Male,,61,No,,0,High,,Cat_4,A
459561,Male,No,31,No,Healthcare,,Low,3,Cat_4,A
467048,Female,Yes,65,Yes,Lawyer,0,High,3,Cat_6,B
467362,Male,Yes,73,No,Executive,1,Low,1,Cat_6,B
459846,Female,Yes,50,Yes,Artist,1,Average,3,Cat_6,B
460351,Male,Yes,70,Yes,Lawyer,0,Low,1,Cat_6,A
459515,Male,Yes,58,Yes,Engineer,0,Low,1,Cat_6,D
460499,Female,,58,No,Marketing,14,High,6,Cat_3,D
460829,Male,No,18,Yes,Healthcare,1,Low,2,Cat_6,D
466559,Male,No,32,No,Healthcare,0,Low,4,Cat_6,D
467236,Female,No,40,Yes,Lawyer,4,Low,1,Cat_6,B
461816,Female,No,49,Yes,Marketing,0,Low,5,Cat_6,A
467409,Male,No,35,Yes,Artist,8,Low,1,Cat_6,A
466299,Female,Yes,40,Yes,Engineer,0,Low,2,Cat_2,B
464565,Male,No,30,Yes,Marketing,12,Low,4,Cat_6,D
465906,Female,No,35,Yes,Artist,5,Low,1,Cat_6,A
460950,Male,Yes,28,No,Doctor,0,Low,5,Cat_1,D
466654,Male,No,30,,Marketing,8,Low,1,Cat_6,A
459649,Male,Yes,39,Yes,Healthcare,1,Average,2,Cat_6,D
461077,Male,No,39,Yes,Entertainment,1,Low,8,Cat_3,A
464642,Female,Yes,26,Yes,Engineer,6,High,7,Cat_4,D
463741,Male,Yes,36,Yes,Artist,0,High,3,Cat_6,C
460594,Female,No,26,Yes,Homemaker,9,Low,,Cat_3,D
465253,Male,No,21,No,Healthcare,1,Low,3,Cat_7,D
459936,Female,No,45,Yes,Artist,2,Low,1,Cat_6,B
462998,Male,Yes,45,No,Entertainment,10,Average,4,Cat_6,B
464179,Female,Yes,63,Yes,Artist,0,Average,3,Cat_6,C
465655,Female,No,45,Yes,Artist,1,Low,1,Cat_6,A
462988,Female,Yes,27,Yes,Healthcare,9,High,2,Cat_6,D
463933,Male,Yes,47,No,Executive,0,Low,7,Cat_4,A
462111,Male,Yes,36,Yes,Artist,6,Average,4,Cat_6,C
462435,Male,Yes,49,Yes,Artist,,Average,2,Cat_6,C
462747,Male,No,25,No,Doctor,7,Low,4,Cat_6,C
462279,Male,No,32,No,Healthcare,0,Low,7,Cat_6,D
463383,Male,Yes,41,No,Executive,6,High,3,Cat_4,A
459743,Female,Yes,50,Yes,Artist,9,Average,4,Cat_6,A
461762,Female,Yes,63,Yes,Artist,0,High,2,Cat_6,C
463071,Male,Yes,69,No,Executive,,Low,4,Cat_6,D
464121,Female,Yes,62,Yes,Engineer,1,Low,1,Cat_6,B
465051,Male,Yes,63,Yes,Marketing,1,High,3,Cat_6,C
460140,Female,Yes,36,Yes,Artist,5,Low,2,Cat_6,B
466197,Female,Yes,31,No,Engineer,8,Low,2,Cat_4,C
460433,Female,No,45,No,Entertainment,8,Low,2,Cat_6,A
462953,Female,Yes,45,Yes,Artist,1,Average,4,Cat_6,B
462535,Male,No,26,No,Doctor,1,Low,3,Cat_6,D
462921,Male,Yes,49,No,Artist,,Average,4,Cat_6,C
464735,Female,No,38,Yes,Marketing,8,Low,3,Cat_4,D
464455,Female,Yes,74,Yes,Lawyer,1,High,2,Cat_6,B
461675,Male,No,61,Yes,Lawyer,1,Low,1,Cat_6,C
464578,Female,No,26,Yes,Healthcare,0,Low,,Cat_6,D
466304,Female,Yes,70,Yes,Lawyer,1,High,2,Cat_2,B
466850,Female,No,30,No,Doctor,,Low,3,Cat_4,D
467041,Female,Yes,57,Yes,Artist,1,Average,4,Cat_6,C
464775,Female,Yes,35,,,8,Average,4,Cat_4,A
464858,Male,No,20,No,Healthcare,1,Low,3,Cat_4,D
462040,Male,No,19,No,Healthcare,5,Low,4,Cat_2,D
460800,Male,No,52,Yes,Artist,1,Low,3,Cat_3,B
459663,Male,No,31,Yes,Artist,,Low,6,Cat_3,A
462081,Male,No,22,No,Marketing,0,Low,3,Cat_4,D
463047,Male,Yes,27,Yes,Homemaker,9,Low,,Cat_6,D
464500,Female,,39,Yes,Artist,1,Low,3,Cat_6,B
460756,Female,No,28,No,Homemaker,8,Low,,Cat_6,D
462835,Male,Yes,59,No,Engineer,,Average,4,Cat_6,B
463766,Female,Yes,57,Yes,Artist,1,Average,3,,C
463874,Male,No,25,Yes,Healthcare,1,Low,4,Cat_3,D
463525,Female,Yes,40,No,Engineer,0,Low,3,Cat_6,A
465653,Female,Yes,53,Yes,Artist,1,Low,2,Cat_6,A
465905,Female,No,32,Yes,Artist,9,Low,1,Cat_6,A
465663,Female,No,70,Yes,Artist,0,Low,2,Cat_6,B
465225,Male,No,48,Yes,Engineer,0,Low,1,Cat_2,A
465001,Male,Yes,75,Yes,Lawyer,1,High,2,Cat_6,C
466905,Male,Yes,62,Yes,Artist,0,Low,1,Cat_6,B
465573,Male,Yes,41,No,Artist,1,Average,6,Cat_6,B
467008,Male,Yes,55,Yes,Artist,0,Average,3,Cat_6,C
466995,Female,No,35,Yes,Artist,8,Low,,Cat_6,A
463397,Female,No,20,No,Healthcare,4,Low,3,Cat_4,D
466238,Male,No,20,No,Healthcare,0,Low,3,Cat_4,D
460531,Female,No,35,No,,0,Low,5,Cat_6,C
462250,Female,Yes,56,Yes,Entertainment,1,Average,3,Cat_4,B
462611,Male,Yes,39,No,Executive,1,High,7,Cat_4,D
459098,Male,Yes,42,Yes,Entertainment,,Low,3,Cat_6,D
465701,Male,Yes,35,Yes,Artist,1,Average,2,Cat_4,B
466242,Female,No,35,No,Engineer,1,Low,1,Cat_4,A
466308,Male,No,33,Yes,Healthcare,0,Low,2,Cat_6,C
464039,Male,No,42,Yes,Artist,1,Low,2,Cat_6,A
459972,Male,No,35,Yes,Artist,5,Low,2,Cat_6,A
461801,Female,No,27,No,Healthcare,0,Low,3,Cat_6,A
462716,Male,No,33,No,Entertainment,6,Low,2,Cat_4,D
467218,Female,No,32,Yes,Artist,9,Low,1,Cat_6,D
460387,Female,No,35,No,Entertainment,4,Low,2,Cat_6,D
466441,Male,No,22,No,Healthcare,0,Low,9,Cat_6,D
462057,Male,Yes,40,Yes,Artist,3,Average,4,Cat_3,C
466991,Male,Yes,51,Yes,Artist,3,Average,2,Cat_6,C
459453,Male,Yes,88,Yes,Lawyer,,Low,,Cat_6,B
461714,Male,Yes,82,Yes,Lawyer,1,High,2,Cat_6,A
463465,Male,Yes,43,Yes,Artist,6,Average,3,Cat_6,B
467940,Female,No,29,No,Marketing,9,Low,4,Cat_2,A
461970,Female,No,38,Yes,Artist,9,Low,1,Cat_6,B
459877,Male,Yes,37,Yes,Artist,0,Average,3,Cat_6,C
460784,Male,No,32,Yes,Healthcare,0,Low,6,Cat_7,D
460137,Male,No,26,Yes,Entertainment,5,Low,4,Cat_6,D
465201,Male,Yes,39,Yes,Entertainment,0,Average,4,Cat_3,A
465371,Female,No,43,Yes,Artist,0,Low,1,Cat_6,A
463929,Male,Yes,51,Yes,Doctor,11,Average,2,Cat_6,C
461998,Male,Yes,52,Yes,Artist,0,Average,2,Cat_6,C
460828,Male,No,51,No,Entertainment,1,Low,1,Cat_6,A
467523,Male,No,20,No,Healthcare,,Low,4,Cat_4,D
461673,Male,No,33,No,Healthcare,0,Low,5,Cat_5,C
459788,Female,No,36,Yes,Entertainment,,Low,1,Cat_3,A
462645,Female,Yes,39,No,Engineer,,Average,6,Cat_4,D
462666,Male,Yes,48,Yes,Artist,0,Low,2,Cat_6,C
462587,Female,Yes,78,No,Lawyer,1,High,2,Cat_4,B
459583,Male,Yes,46,Yes,Artist,1,Low,1,Cat_6,A
467361,Female,Yes,26,No,Homemaker,,Low,4,Cat_6,D
459493,Male,No,26,No,Healthcare,0,Low,7,Cat_6,A
464583,Female,No,37,Yes,Engineer,7,Low,,Cat_6,A
462726,Female,Yes,75,Yes,Homemaker,1,High,,Cat_6,B
466919,Male,No,19,No,Doctor,,Low,5,Cat_3,D
467949,Male,No,22,No,Healthcare,1,Low,4,Cat_4,D
462406,Male,Yes,27,No,Engineer,6,Low,3,Cat_6,D
460434,Male,,57,Yes,Artist,3,High,3,Cat_6,D
463729,Female,No,32,No,Artist,,Low,5,Cat_1,B
466827,Male,Yes,37,No,Entertainment,0,Average,4,Cat_3,D
463641,Female,No,33,Yes,Marketing,1,Low,3,Cat_5,B
467294,Female,Yes,57,No,Engineer,0,Low,1,Cat_6,B
460875,Male,No,35,Yes,Entertainment,0,Low,3,Cat_3,A
459183,Female,No,26,Yes,Artist,1,Low,3,Cat_2,A
464541,Male,No,31,Yes,Doctor,1,Low,2,Cat_6,A
461249,Female,No,53,Yes,Artist,1,Low,,Cat_7,D
462959,Female,Yes,56,Yes,Engineer,2,High,2,Cat_6,B
459922,Male,Yes,65,Yes,Lawyer,0,Low,1,Cat_4,D
467935,Male,No,23,No,Healthcare,7,Low,3,Cat_6,D
461382,Male,Yes,68,No,Executive,1,High,2,Cat_6,B
462521,Female,No,32,No,Homemaker,9,Low,1,Cat_6,D
463296,Female,No,21,No,Healthcare,0,Low,5,Cat_6,D
467003,Female,Yes,61,Yes,Artist,,Low,2,Cat_6,C
459705,Male,Yes,25,Yes,Entertainment,1,Average,2,Cat_6,A
459984,Female,Yes,36,Yes,Entertainment,0,Average,3,Cat_6,B
466051,Male,No,25,No,Executive,3,Low,1,Cat_4,A
463583,Male,Yes,58,Yes,Artist,9,Average,4,Cat_6,C
466100,Male,Yes,66,Yes,Executive,1,Low,2,Cat_6,A
461427,Female,No,42,Yes,Artist,1,Low,2,Cat_6,A
464193,Female,Yes,36,Yes,Doctor,13,Low,2,Cat_6,B
467835,Male,Yes,58,No,Artist,9,Low,2,Cat_6,B
463000,Female,No,36,No,Engineer,0,Low,1,Cat_6,A
462457,Male,No,28,No,Healthcare,2,Low,4,Cat_6,C
460426,Male,Yes,45,No,Artist,4,Average,2,Cat_6,C
466024,Female,Yes,35,No,Entertainment,10,Low,2,Cat_3,A
467031,Male,Yes,59,Yes,Artist,11,Average,3,Cat_6,C
467440,Male,Yes,49,Yes,Entertainment,0,Low,1,Cat_6,A
464377,Female,No,51,Yes,Entertainment,0,Low,1,Cat_6,A
465870,Male,No,40,Yes,Artist,5,Low,2,Cat_6,A
460677,Female,,49,No,Healthcare,2,Average,2,Cat_3,D
460095,Female,Yes,74,Yes,Lawyer,1,Low,1,Cat_6,C
463297,Male,No,27,Yes,Healthcare,4,Low,2,Cat_6,D
461790,Male,Yes,70,Yes,Artist,0,High,2,Cat_6,C
467410,Female,Yes,62,Yes,Lawyer,0,Low,2,Cat_6,C
465904,Male,No,37,Yes,Artist,9,Low,1,Cat_6,A
459393,Female,No,40,No,Healthcare,8,Low,3,Cat_3,D
465712,Male,No,47,Yes,,0,Low,1,Cat_6,B
465771,Male,Yes,52,Yes,Entertainment,1,Average,4,Cat_6,B
462013,Female,Yes,57,Yes,Executive,0,Average,2,Cat_6,C
465620,Male,No,37,Yes,Artist,8,Low,3,Cat_6,C
459840,Male,Yes,60,Yes,Artist,1,Low,1,Cat_6,B
461460,Male,Yes,43,Yes,Executive,7,High,3,Cat_6,B
466317,Male,Yes,37,Yes,Entertainment,4,Low,1,Cat_6,B
461962,Male,Yes,59,Yes,Entertainment,1,Average,3,Cat_6,B
466071,Female,Yes,60,Yes,Artist,2,Low,3,Cat_4,B
460796,Male,Yes,69,No,Lawyer,1,Low,3,Cat_6,C
467012,Male,Yes,49,Yes,Executive,1,High,4,Cat_6,C
460357,Male,No,23,No,Healthcare,1,Low,5,Cat_6,D
460182,Female,Yes,43,Yes,Artist,2,Average,3,Cat_6,B
460491,Female,No,22,No,Healthcare,1,Low,7,Cat_3,D
466630,Male,No,29,No,Healthcare,0,Low,4,Cat_6,C
466331,Male,Yes,26,Yes,Marketing,0,Low,2,Cat_3,D
463912,Female,Yes,36,No,Artist,1,Average,4,Cat_4,B
461728,Female,No,55,Yes,Entertainment,1,Low,1,Cat_6,A
463278,Female,Yes,59,Yes,Engineer,0,Low,1,Cat_3,B
459413,Female,Yes,83,Yes,Artist,,High,2,Cat_6,A
465659,Female,No,55,Yes,Doctor,3,Low,,Cat_3,C
461746,Male,Yes,53,Yes,Artist,2,Average,3,Cat_6,C
465574,Male,Yes,62,Yes,Artist,1,Average,3,Cat_3,B
462170,Male,Yes,73,No,Executive,0,High,3,Cat_6,A
460626,Male,Yes,45,No,Doctor,9,High,4,Cat_6,D
466122,Female,,28,Yes,Healthcare,4,Low,8,Cat_3,C
466678,Male,No,28,Yes,Healthcare,1,Low,4,Cat_6,D
464930,Male,No,25,No,Marketing,0,Low,2,Cat_4,A
465447,Male,Yes,52,Yes,Engineer,1,Average,3,Cat_4,C
467549,Male,Yes,61,Yes,Entertainment,11,Average,3,Cat_6,A
463718,Female,No,27,Yes,Artist,1,Low,4,Cat_6,D
467626,Male,Yes,31,Yes,Entertainment,8,Average,2,Cat_6,B
459058,Male,No,40,Yes,Artist,1,Low,4,Cat_3,A
461983,Male,No,27,Yes,Artist,1,Low,3,Cat_6,B
461207,Female,No,60,Yes,Artist,6,Low,1,Cat_6,B
467585,Male,Yes,40,Yes,Healthcare,6,High,2,Cat_6,A
464604,Male,Yes,32,No,Entertainment,5,Low,2,Cat_4,A
462529,Female,Yes,42,Yes,Engineer,1,Low,2,Cat_6,B
460475,Male,Yes,32,Yes,Doctor,0,Average,2,Cat_3,D
463553,Male,No,27,Yes,Artist,9,Low,2,Cat_6,B
460912,Male,No,29,No,Entertainment,1,Low,5,Cat_6,D
461715,Male,No,43,Yes,Entertainment,0,Low,5,Cat_2,A
459567,Male,Yes,48,Yes,Doctor,1,Average,2,Cat_6,C
462340,Male,Yes,62,No,Entertainment,1,Average,6,Cat_6,B
461834,Female,No,42,Yes,Artist,7,Low,2,Cat_6,C
459677,Male,Yes,25,Yes,Artist,8,Average,2,Cat_6,B
465148,Male,No,31,No,Artist,1,Low,,,A
467911,Male,Yes,61,Yes,Healthcare,1,Low,4,Cat_6,D
462981,Female,No,26,No,Homemaker,8,Low,1,Cat_6,D
463055,Female,No,27,Yes,Doctor,1,Low,4,Cat_4,B
461884,Female,Yes,40,Yes,Artist,0,Low,2,Cat_6,B
467834,Female,No,23,No,Healthcare,0,Low,4,Cat_2,D
463019,Male,Yes,45,Yes,Executive,0,High,4,Cat_6,B
466996,Female,No,37,Yes,Artist,9,Low,1,Cat_6,A
463026,Male,Yes,28,Yes,Doctor,,Low,2,Cat_6,D
459479,Male,Yes,70,No,Marketing,1,Low,2,Cat_6,A
465565,Male,Yes,37,Yes,Artist,1,Average,2,Cat_6,C
459523,Female,No,19,No,Doctor,1,Low,4,Cat_6,D
464707,Male,Yes,48,No,,1,Average,4,Cat_4,A
466796,Male,,56,Yes,Artist,0,Average,5,Cat_6,A
462977,Male,Yes,36,No,Artist,,Average,3,Cat_6,B
462369,Male,Yes,63,No,Entertainment,1,Average,5,Cat_6,C
463053,Female,Yes,68,Yes,Artist,1,Average,2,Cat_6,C
462139,Female,No,27,Yes,Healthcare,1,Low,4,Cat_2,C
460922,Male,No,30,Yes,Entertainment,1,Low,3,Cat_6,D
463706,Female,No,33,Yes,Doctor,0,Low,3,Cat_6,D
465703,Male,Yes,25,No,Entertainment,2,Low,2,Cat_4,A
462796,Female,No,37,Yes,Entertainment,1,Low,2,Cat_7,C
459558,Male,No,30,Yes,Entertainment,0,Low,3,Cat_6,D
459716,Female,Yes,66,Yes,Engineer,8,Average,2,Cat_6,C
460599,Female,No,31,No,Engineer,0,Low,1,Cat_3,D
465775,Female,No,31,Yes,Engineer,9,Low,3,Cat_6,D
465392,Female,Yes,45,Yes,Artist,8,High,5,Cat_6,C
464783,Male,Yes,42,No,Entertainment,0,Low,3,Cat_4,A
459439,Female,Yes,46,Yes,Artist,1,Average,2,Cat_6,A
464356,Female,Yes,76,Yes,Lawyer,1,High,2,Cat_6,B
459881,Male,No,25,Yes,Healthcare,8,Low,4,Cat_6,D
461772,Female,Yes,41,Yes,Engineer,1,Average,3,Cat_4,B
460551,Male,Yes,49,Yes,Engineer,0,Average,2,Cat_3,C
466047,Male,No,32,No,,0,Low,5,Cat_4,A
462248,Male,Yes,55,No,Artist,0,Low,2,Cat_6,B
465011,Male,Yes,66,Yes,Executive,3,High,2,Cat_6,C
467898,Female,Yes,68,Yes,Artist,0,Low,1,Cat_6,C
461035,Male,No,21,No,,7,Low,,Cat_3,D
465382,Female,No,39,Yes,Artist,0,Low,,Cat_6,B
464460,Female,No,26,Yes,Healthcare,1,Low,2,Cat_6,D
466291,Male,No,22,No,Healthcare,,Low,,Cat_4,D
461397,Male,No,20,No,Healthcare,0,Low,4,Cat_6,D
464302,Female,Yes,50,Yes,Doctor,1,Low,3,Cat_6,B
465458,Female,Yes,84,Yes,Artist,1,High,2,Cat_6,A
467276,Male,No,43,Yes,Artist,12,Low,5,Cat_6,C
461129,Female,Yes,63,Yes,Entertainment,0,Average,4,Cat_6,B
467406,Male,No,37,Yes,Entertainment,9,Low,1,Cat_6,D
463140,Male,Yes,31,No,Engineer,5,Average,3,Cat_3,A
460980,Male,No,26,No,Entertainment,1,Low,3,Cat_3,D
464666,Male,Yes,41,Yes,Entertainment,2,Average,3,Cat_4,D
464236,Female,Yes,62,Yes,Artist,1,High,2,Cat_6,B
466898,Male,Yes,45,Yes,Executive,0,High,4,Cat_6,B
462736,Female,Yes,28,No,Engineer,6,Low,3,Cat_6,A
467952,Female,Yes,89,Yes,Lawyer,0,High,2,Cat_6,C
461399,Male,No,20,No,Healthcare,0,Low,4,Cat_6,D
466320,Female,No,40,Yes,Engineer,9,Low,2,Cat_4,B
465142,Male,No,23,No,Healthcare,0,Low,4,Cat_6,D
460334,Male,No,41,Yes,Artist,4,Low,1,Cat_6,A
460745,Male,Yes,78,No,Lawyer,1,High,2,Cat_6,A
459812,Female,No,43,Yes,Engineer,0,Low,1,Cat_3,A
465197,Female,Yes,57,Yes,Artist,0,High,4,Cat_6,C
462068,Male,Yes,55,Yes,Executive,1,High,3,Cat_6,C
463592,Female,No,27,Yes,Engineer,11,Low,1,Cat_6,B
467352,Male,Yes,51,Yes,Executive,1,High,4,Cat_6,C
465030,Male,Yes,35,Yes,Executive,9,High,4,Cat_6,C
462095,Male,Yes,49,Yes,Entertainment,1,Average,3,Cat_1,A
460248,Female,No,33,Yes,Healthcare,7,Low,2,Cat_6,D
464286,Female,Yes,60,Yes,Artist,1,Average,2,Cat_6,C
464248,Male,Yes,52,Yes,Artist,8,Low,3,Cat_6,C
459167,Female,No,42,Yes,Artist,1,Low,2,Cat_5,C
462710,Female,No,28,Yes,Marketing,2,Low,3,Cat_6,D
462731,Female,Yes,43,Yes,Artist,5,High,3,Cat_6,B
464475,Male,No,25,Yes,Healthcare,0,Low,4,Cat_6,C
466899,Female,Yes,51,Yes,Artist,,Low,2,Cat_6,C
460108,Male,Yes,42,Yes,Artist,1,Average,3,Cat_2,C
460606,Male,No,20,No,Healthcare,,Low,5,Cat_7,D
459096,Male,,80,No,Lawyer,0,Low,1,Cat_6,A
467942,Female,Yes,41,Yes,Artist,1,High,4,Cat_2,C
463264,Female,Yes,71,Yes,Lawyer,0,Low,2,Cat_6,C
462089,Female,Yes,42,Yes,Artist,0,Average,2,Cat_6,C
467756,Male,Yes,56,Yes,Artist,1,Average,2,Cat_6,C
461323,Female,Yes,41,Yes,Healthcare,6,Average,2,Cat_6,C
459563,Male,Yes,72,Yes,Entertainment,7,Low,2,Cat_6,A
467602,Female,No,30,No,Entertainment,1,Low,4,Cat_6,D
462562,Female,No,25,Yes,Entertainment,0,Low,6,Cat_2,C
461588,Male,No,33,Yes,Marketing,0,Low,4,Cat_2,D
465691,Male,No,26,Yes,Artist,,Low,,Cat_4,A
460894,Male,Yes,38,No,Executive,5,High,3,Cat_6,A
459151,Male,Yes,60,Yes,Lawyer,9,Low,2,Cat_6,B
466417,Female,Yes,79,No,Lawyer,1,High,3,Cat_6,A
466837,Female,No,38,Yes,Marketing,9,Low,4,Cat_5,D
466918,Male,Yes,56,Yes,Artist,1,Average,1,Cat_6,C
464133,Male,Yes,73,No,Homemaker,2,Low,1,Cat_6,A
466101,Female,No,22,No,Healthcare,0,Low,7,Cat_6,D
464289,Male,Yes,42,No,Marketing,1,Low,3,Cat_6,A
461936,Male,Yes,72,No,Lawyer,0,High,2,Cat_6,B
459301,Female,No,33,Yes,Healthcare,0,Low,3,Cat_6,C
462284,Male,Yes,53,Yes,Executive,1,Average,4,Cat_6,B
463290,Female,No,25,No,Healthcare,1,Low,5,Cat_6,B
462413,Male,Yes,46,Yes,Artist,0,Average,3,Cat_6,C
466814,Male,No,18,No,Healthcare,0,Low,3,Cat_6,D
460996,Female,No,60,Yes,Engineer,1,Low,1,Cat_6,A
459714,Male,No,22,No,Doctor,2,Low,4,Cat_6,C
464829,Male,No,22,No,Healthcare,9,Low,5,Cat_4,D
467474,Male,No,18,No,Healthcare,3,Low,5,Cat_6,D
466134,Male,Yes,39,Yes,Doctor,0,High,3,Cat_6,C
460496,Male,No,19,No,Healthcare,7,Low,5,Cat_3,D
461995,Female,No,30,No,Artist,7,Low,1,Cat_6,A
466798,Male,No,23,No,Healthcare,4,Low,5,Cat_6,D
461086,Male,No,23,No,Healthcare,1,Low,7,Cat_3,D
459306,Female,No,48,Yes,Artist,4,Low,1,Cat_6,C
464919,Male,Yes,39,Yes,Artist,9,Low,1,Cat_4,A
461798,Female,No,56,Yes,Artist,0,Low,1,Cat_6,A
466987,Male,Yes,63,No,Artist,5,Average,2,Cat_6,C
459329,Female,Yes,71,No,Engineer,1,High,4,Cat_3,A
465174,Female,Yes,70,Yes,Entertainment,1,High,2,Cat_6,B
460979,Male,Yes,84,No,Lawyer,1,Low,1,Cat_6,A
465272,Male,Yes,39,Yes,Executive,0,High,6,Cat_6,C
460463,Male,Yes,42,Yes,Artist,6,Low,4,Cat_3,A
460246,Male,Yes,46,Yes,Artist,4,Low,2,Cat_6,B
463423,Male,Yes,63,No,Executive,0,Average,3,Cat_6,B
466992,Female,Yes,55,No,Artist,0,Low,3,Cat_6,C
461530,Male,Yes,42,Yes,Engineer,1,Low,2,Cat_6,A
463615,Female,Yes,58,Yes,Artist,,Average,2,Cat_6,C
465101,Female,Yes,88,Yes,Lawyer,1,Low,1,Cat_6,D
464997,Male,Yes,43,Yes,Artist,5,Average,2,Cat_6,B
462255,Male,Yes,73,Yes,Executive,1,High,3,Cat_6,C
460734,Male,Yes,35,Yes,Entertainment,8,Average,,Cat_2,D
462616,Male,No,30,No,Healthcare,0,Low,5,Cat_4,D
460968,Male,Yes,30,No,Doctor,11,Average,2,Cat_3,A
465235,Male,Yes,46,Yes,Healthcare,1,High,3,Cat_6,C
461818,Female,Yes,43,Yes,Artist,2,Average,2,Cat_6,C
463171,Female,Yes,36,No,Entertainment,1,High,3,Cat_3,A
460776,Female,Yes,47,Yes,,2,Low,1,,D
461634,Male,Yes,63,Yes,Entertainment,1,Low,1,Cat_6,A
462150,Male,Yes,35,Yes,Artist,7,Low,2,Cat_6,C
461503,Female,No,31,Yes,Artist,9,Low,2,Cat_6,B
464408,Female,Yes,45,Yes,Artist,,Average,4,Cat_4,C
463163,Male,No,26,No,Executive,2,Low,2,Cat_3,D
462358,Male,Yes,37,No,Doctor,4,Average,2,Cat_6,A
460647,Female,Yes,26,No,Doctor,1,Average,2,Cat_4,D
464888,Male,Yes,37,No,Entertainment,0,Low,5,Cat_4,A
461652,Female,Yes,53,Yes,Artist,1,Average,3,Cat_6,C
467062,Female,No,55,Yes,Artist,1,Low,1,Cat_3,A
467157,Male,Yes,42,Yes,Executive,9,High,6,Cat_7,B
462509,Female,Yes,46,Yes,Artist,0,Average,2,Cat_6,C
459469,Male,Yes,30,Yes,Healthcare,,Low,6,Cat_6,A
465499,Male,No,63,Yes,Artist,0,Low,1,Cat_6,A
464913,Male,Yes,52,Yes,Entertainment,0,Low,4,Cat_4,B
465969,Female,No,28,Yes,Doctor,12,Low,2,Cat_7,D
464922,Female,No,20,No,Healthcare,0,Low,5,Cat_4,D
463022,Male,Yes,60,Yes,Executive,4,High,3,Cat_6,C
464704,Male,Yes,42,Yes,Healthcare,0,Average,4,Cat_4,B
462345,Male,Yes,46,Yes,Doctor,1,Average,6,Cat_4,B
461439,Male,Yes,37,Yes,Artist,1,Average,2,Cat_6,C
461599,Female,No,42,Yes,Artist,8,Low,1,Cat_6,B
465705,Female,Yes,46,Yes,Artist,1,Average,4,Cat_6,C
461043,Male,Yes,49,No,Healthcare,0,Low,7,Cat_4,D
467551,Female,Yes,89,No,Lawyer,0,High,2,Cat_6,B
464053,Female,Yes,38,No,Entertainment,4,Low,1,Cat_6,B
459282,Male,Yes,48,Yes,Artist,0,Average,2,Cat_6,C
461649,Female,Yes,51,Yes,Artist,3,Low,4,Cat_6,B
464389,Male,Yes,73,Yes,Artist,1,High,2,Cat_2,C
464293,Male,No,30,Yes,Healthcare,1,Low,4,Cat_6,C
461739,Female,Yes,46,Yes,Artist,1,Low,,Cat_6,C
465320,Female,Yes,65,Yes,Lawyer,1,Average,2,Cat_6,B
463707,Female,No,36,No,Artist,0,Low,1,Cat_5,B
465436,Female,No,25,Yes,Healthcare,0,Low,3,Cat_5,B
464562,Female,No,31,No,,8,Low,3,Cat_6,D
465078,Male,Yes,43,Yes,Executive,0,High,4,Cat_6,B
460568,Female,Yes,33,Yes,Homemaker,0,High,2,Cat_3,C
459636,Male,No,30,Yes,Entertainment,14,Low,1,Cat_6,D
466445,Female,,21,No,Healthcare,,Low,4,Cat_6,D
460129,Female,No,25,Yes,Engineer,8,Low,2,Cat_6,A
465373,Male,Yes,49,Yes,Artist,4,Average,4,Cat_6,C
463966,Female,No,31,Yes,Artist,9,Low,1,Cat_6,B
465467,Male,,33,No,Healthcare,1,Low,3,Cat_6,C
460918,Female,No,27,Yes,Doctor,14,Low,8,Cat_6,C
465954,Female,No,33,Yes,Entertainment,11,Low,3,Cat_6,A
465153,Male,Yes,35,Yes,Artist,1,Average,2,Cat_6,A
466502,Male,No,19,No,Healthcare,1,Low,5,Cat_3,D
460819,Female,Yes,25,No,Marketing,0,High,5,Cat_4,D
464993,Male,Yes,57,No,Executive,4,High,4,Cat_6,C
463103,Male,Yes,45,No,Executive,1,Average,4,Cat_6,B
466302,Female,Yes,47,No,Homemaker,3,High,3,Cat_6,B
466521,Male,Yes,20,,Marketing,1,Average,3,Cat_3,A
464288,Female,No,33,Yes,Doctor,9,Low,2,Cat_6,A
460240,Male,Yes,45,Yes,Artist,3,Low,1,Cat_6,C
459188,Male,No,27,No,Healthcare,1,Low,3,Cat_6,C
465411,Female,Yes,38,Yes,Engineer,0,Low,1,Cat_5,D
465595,Female,No,38,No,Engineer,0,Low,3,Cat_4,C
466021,Male,No,87,No,Lawyer,1,Low,1,Cat_6,A
461831,Male,No,30,Yes,Doctor,0,Low,3,Cat_6,C
462556,Male,Yes,57,Yes,Entertainment,0,Average,7,Cat_5,C
467321,Female,Yes,63,Yes,Artist,9,Low,2,Cat_6,C
459327,Male,No,50,No,Doctor,9,Low,3,Cat_6,D
461626,Male,Yes,68,Yes,Executive,0,High,2,Cat_6,C
463337,Female,Yes,33,No,Entertainment,1,Low,2,Cat_3,A
467615,Female,Yes,37,Yes,Doctor,0,Low,2,Cat_6,A
463597,Female,No,25,No,Engineer,0,Low,6,Cat_6,C
463784,Female,No,29,No,Engineer,0,Low,5,Cat_4,A
459513,Female,No,32,Yes,Healthcare,3,Low,2,Cat_6,C
465804,Female,Yes,68,No,Engineer,0,Low,1,Cat_4,A
465103,Male,Yes,86,Yes,Lawyer,1,High,2,Cat_6,A
464007,Male,Yes,49,Yes,Artist,0,Low,3,Cat_6,B
463060,Female,Yes,32,Yes,Homemaker,12,High,2,Cat_6,D
461359,Male,Yes,28,Yes,Healthcare,1,Low,4,Cat_7,D
467002,Female,No,26,Yes,Homemaker,9,Low,,Cat_6,D
465014,Male,Yes,83,No,Lawyer,1,Low,1,Cat_6,A
459100,Female,No,63,Yes,Artist,14,Low,1,Cat_6,B
464083,Male,Yes,65,No,Lawyer,0,High,2,Cat_6,C
464552,Female,Yes,38,Yes,Artist,1,Average,3,Cat_4,C
460218,Male,Yes,61,Yes,Entertainment,1,Low,1,Cat_6,D
460297,Female,Yes,46,Yes,Artist,8,Low,2,Cat_6,B
467171,Female,No,30,Yes,Doctor,1,Low,2,Cat_6,C
464809,Male,Yes,46,,Entertainment,,Average,5,Cat_4,B
463008,Male,No,53,No,Entertainment,1,Low,,Cat_6,A
464023,Male,No,22,No,Healthcare,0,Low,5,Cat_7,D
467929,Female,Yes,42,Yes,Artist,1,Average,2,Cat_6,C
461049,Female,Yes,57,Yes,Doctor,0,Low,7,Cat_7,B
465049,Female,Yes,49,No,Engineer,6,Low,2,Cat_6,A
460751,Female,No,25,No,Artist,1,Low,3,Cat_6,D
461690,Female,No,31,Yes,Engineer,0,Low,1,Cat_4,A
464084,Male,No,25,No,Healthcare,1,Low,5,Cat_4,D
465644,Male,No,33,Yes,Healthcare,0,Low,5,Cat_6,C
459470,Male,No,29,Yes,Healthcare,9,Low,6,Cat_6,D
462700,Male,Yes,38,Yes,Artist,0,Average,4,Cat_6,B
465067,Male,Yes,62,Yes,Executive,8,High,2,Cat_6,C
464247,Male,Yes,59,No,Engineer,0,Low,1,Cat_6,A
459465,Female,Yes,27,Yes,Entertainment,3,Low,5,Cat_6,B
463894,Female,Yes,51,Yes,Artist,0,Average,3,Cat_2,C
466089,Male,No,59,No,Entertainment,0,Low,3,Cat_6,B
459355,Female,Yes,78,No,Homemaker,,Low,1,Cat_6,A
467227,Female,No,37,Yes,Artist,12,Low,1,Cat_4,A
459054,Male,Yes,37,Yes,Executive,9,High,4,Cat_6,C
463609,Male,Yes,30,No,Artist,0,Average,2,Cat_5,A
466260,Male,Yes,43,Yes,Entertainment,0,Average,2,Cat_6,B
464283,Male,No,40,Yes,Artist,5,Low,2,Cat_6,A
465646,Female,No,40,Yes,Artist,6,Low,2,Cat_6,B
461103,Female,No,30,No,Engineer,1,Low,5,Cat_3,D
464378,Female,Yes,40,Yes,Artist,9,Average,2,Cat_6,B
462661,Female,Yes,62,Yes,Artist,2,High,3,Cat_6,C
460266,Male,No,22,No,Healthcare,0,Low,8,Cat_6,D
462983,Female,Yes,66,Yes,Lawyer,1,High,2,Cat_6,A
459022,Male,Yes,67,Yes,Artist,10,Low,1,Cat_6,D
463231,Male,Yes,50,Yes,Artist,1,Average,3,Cat_6,A
465863,Male,No,27,No,Healthcare,5,Low,3,Cat_6,D
463557,Male,No,28,Yes,Doctor,1,Low,3,Cat_6,A
467636,Male,Yes,45,Yes,Doctor,1,Average,2,Cat_6,C
463539,Male,Yes,59,Yes,Artist,1,Average,2,Cat_4,B
459633,Male,No,19,No,Healthcare,1,Low,2,Cat_6,D
462304,Male,Yes,62,Yes,Artist,1,Low,4,Cat_4,B
466988,Female,No,72,Yes,Lawyer,0,Low,,Cat_6,B
467467,Male,No,19,No,Healthcare,0,Low,4,Cat_6,D
464871,Female,No,28,Yes,Entertainment,6,Low,3,Cat_4,B
462258,Male,No,25,No,Doctor,1,Low,4,Cat_6,D
467813,Male,Yes,36,Yes,Entertainment,0,Low,2,Cat_4,A
459068,Female,No,33,Yes,Healthcare,2,Low,2,Cat_6,A
462701,Male,Yes,59,No,Entertainment,0,Average,4,Cat_6,B
466536,Male,No,20,No,Healthcare,4,Low,4,Cat_4,D
465668,Male,No,23,No,Healthcare,0,Low,5,Cat_4,D
462234,Male,Yes,27,No,,1,Average,6,Cat_4,D
460340,Female,No,46,Yes,Artist,10,Low,2,Cat_6,A
466820,Female,Yes,74,No,Lawyer,1,High,2,Cat_6,A
462922,Male,No,26,No,Doctor,8,Low,1,Cat_3,D
465326,Male,Yes,76,Yes,Artist,,Low,1,Cat_6,A
464130,Male,No,41,Yes,Artist,1,Low,3,Cat_6,A
463832,Female,No,32,No,Marketing,,Low,,Cat_6,D
462735,Female,Yes,30,No,Artist,0,Average,2,Cat_1,B
464412,Male,Yes,70,No,Lawyer,1,Low,2,Cat_6,D
464468,Male,Yes,50,Yes,Artist,1,Low,3,Cat_6,C
463422,Male,Yes,39,No,Executive,,High,4,Cat_6,B
459498,Female,Yes,42,Yes,Artist,,Low,2,Cat_6,C
460173,Female,Yes,40,Yes,Artist,1,Low,3,Cat_6,C
463091,Female,Yes,39,Yes,Homemaker,8,Low,1,Cat_6,D
467213,Female,Yes,88,Yes,Lawyer,1,High,2,Cat_6,B
461804,Female,No,43,Yes,Artist,0,Low,1,Cat_6,A
466649,Male,No,19,No,Healthcare,1,Low,3,Cat_3,D
460533,Female,Yes,45,No,Artist,6,Low,1,Cat_6,A
465820,Female,,30,Yes,,,Average,4,Cat_4,B
466329,Female,Yes,39,,Doctor,2,Low,1,Cat_3,A
461892,Female,No,35,Yes,Healthcare,0,Low,1,Cat_2,D
463656,Male,Yes,53,Yes,Doctor,0,Low,3,Cat_6,A
462850,Male,No,21,No,Healthcare,1,Low,4,Cat_6,D
460603,Female,No,22,,Entertainment,0,Low,3,Cat_3,A
460707,Male,Yes,38,No,Artist,1,Average,3,Cat_6,C
463122,Male,Yes,36,Yes,Executive,9,Average,3,Cat_6,B
467588,Male,Yes,63,Yes,Artist,0,Average,4,Cat_6,C
462552,Male,No,31,Yes,Artist,1,Low,2,Cat_6,A
466048,Male,No,25,No,Entertainment,3,Low,1,Cat_4,A
467845,Male,Yes,52,Yes,Entertainment,1,Low,2,Cat_6,C
459810,Male,No,19,No,Healthcare,1,Low,4,Cat_6,D
461267,Female,No,35,Yes,Healthcare,,Low,1,Cat_4,D
466572,Female,No,30,No,Healthcare,0,Low,4,Cat_6,D
464092,Female,Yes,59,Yes,Artist,0,Average,5,Cat_6,C
467025,Female,No,25,No,Engineer,1,Low,3,Cat_6,D
466110,Male,Yes,77,Yes,Lawyer,0,Low,1,Cat_6,A
462353,Female,Yes,58,Yes,Doctor,1,Average,2,Cat_6,C
459904,Female,Yes,38,Yes,Artist,6,Low,4,Cat_6,C
462011,Male,Yes,29,No,Marketing,1,Low,4,Cat_4,D
462367,Male,Yes,56,Yes,Artist,1,Average,3,Cat_6,B
460220,Female,No,37,Yes,Entertainment,1,Low,2,Cat_2,D
461429,Male,Yes,49,Yes,Doctor,1,Average,4,Cat_6,C
462668,Female,No,41,Yes,Artist,2,Low,1,Cat_6,B
467339,Male,,55,Yes,Artist,1,Average,3,Cat_6,B
461699,Male,No,28,Yes,Doctor,0,Low,1,Cat_6,D
464885,Female,No,35,No,Engineer,1,Low,2,Cat_4,A
460989,Male,No,23,No,Healthcare,1,Low,3,Cat_1,D
462156,Female,Yes,43,Yes,Artist,4,Average,2,Cat_3,C
461182,Male,No,18,No,Healthcare,,Low,,Cat_3,D
460507,Male,No,30,No,Doctor,1,Low,4,Cat_3,D
462875,Male,No,20,No,Healthcare,1,Low,3,Cat_6,D
461708,Male,Yes,84,No,Lawyer,0,High,2,Cat_6,B
459766,Female,No,42,Yes,Engineer,,Low,1,Cat_6,A
462137,Male,No,28,Yes,Doctor,1,Low,1,Cat_6,A
459630,Male,Yes,73,Yes,Lawyer,1,Average,2,Cat_6,A
462699,Female,Yes,61,Yes,Lawyer,,High,4,Cat_2,B
465897,Female,Yes,42,Yes,Artist,9,Low,1,Cat_6,A
465628,Male,Yes,49,Yes,Artist,2,Low,2,Cat_2,A
462987,Female,Yes,84,Yes,Lawyer,,High,2,Cat_6,C
463492,Male,No,22,No,Healthcare,,Low,4,Cat_6,D
462321,Female,No,42,Yes,Engineer,6,Low,1,Cat_6,A
460511,Female,No,31,No,Doctor,0,Low,4,Cat_3,D
459225,Female,Yes,49,Yes,Artist,0,Average,4,Cat_6,C
467894,Male,Yes,58,Yes,Artist,0,Average,2,Cat_6,C
465076,Male,Yes,72,Yes,Artist,0,High,5,Cat_6,C
467573,Male,Yes,45,Yes,Artist,6,Average,4,Cat_6,B
465266,Male,Yes,49,Yes,Entertainment,0,Average,5,Cat_4,B
462215,Female,No,20,No,Marketing,1,Low,3,Cat_4,D
466279,Female,No,31,No,,1,Low,4,Cat_3,A
467131,Male,Yes,50,Yes,Artist,0,Low,2,Cat_6,B
459456,Female,No,65,No,Lawyer,,Low,1,Cat_6,D
460225,Female,Yes,78,Yes,Lawyer,3,High,2,Cat_6,C
463825,Female,Yes,45,Yes,Artist,1,Average,3,,B
462597,Male,Yes,29,No,Healthcare,,Low,4,Cat_4,A
466360,Male,No,25,No,Healthcare,0,Low,3,Cat_4,B
465542,Female,Yes,62,No,Doctor,,Average,5,Cat_3,A
465848,Female,No,28,Yes,Healthcare,0,Low,1,Cat_7,D
459043,Female,Yes,49,No,Engineer,1,Low,1,Cat_7,A
463069,Male,No,29,Yes,Artist,7,Low,1,Cat_6,B
459795,Male,No,52,Yes,Artist,0,Low,1,Cat_6,A
464954,Male,No,23,No,Healthcare,1,Low,4,Cat_4,D
459713,Male,No,18,No,Healthcare,,Low,3,Cat_6,D
463068,Male,Yes,26,Yes,Artist,9,Average,2,Cat_6,B
464834,Male,Yes,51,No,Executive,1,Low,4,Cat_4,D
462908,Male,Yes,27,No,Executive,10,High,3,Cat_6,A
464032,Male,No,20,No,Healthcare,1,Low,3,Cat_6,D
459307,Male,Yes,62,Yes,Entertainment,0,Low,1,Cat_6,B
462224,Female,Yes,63,No,Engineer,4,Average,8,Cat_4,D
465611,Male,No,53,Yes,Doctor,0,Low,1,Cat_6,C
466322,Male,No,28,No,Doctor,0,Low,3,Cat_3,B
461548,Female,No,33,Yes,Engineer,1,Low,3,Cat_6,A
461870,Female,Yes,45,Yes,Artist,0,Average,2,Cat_6,C
466966,Male,Yes,61,Yes,Entertainment,1,Average,2,Cat_6,C
459207,Female,Yes,62,,Doctor,0,Average,4,Cat_6,B
465672,Male,No,42,No,Executive,9,Low,3,Cat_4,D
459317,Male,Yes,52,Yes,Executive,1,High,4,Cat_6,C
464362,Female,Yes,51,Yes,Artist,1,Low,1,Cat_6,C
465683,Female,No,49,No,Entertainment,1,Low,2,Cat_4,A
462253,Male,Yes,51,Yes,Engineer,0,Low,2,Cat_4,A
459421,Male,Yes,29,No,Healthcare,0,Average,4,Cat_6,A
459987,Male,Yes,53,Yes,Healthcare,,High,2,Cat_6,D
460036,Male,Yes,40,Yes,,3,Low,1,Cat_6,D
461613,Female,No,25,Yes,Healthcare,8,Low,4,Cat_5,C
461168,Female,Yes,29,No,Engineer,5,Average,2,Cat_3,A
459247,Male,Yes,60,Yes,Executive,0,Average,5,Cat_6,C
460770,Female,No,25,Yes,Healthcare,5,Low,3,Cat_3,A
465047,Male,Yes,55,Yes,Executive,8,High,2,Cat_6,C
467013,Male,Yes,66,Yes,Executive,0,High,2,Cat_6,C
465894,Male,No,27,Yes,Artist,8,Low,6,Cat_6,D
462702,Male,Yes,51,No,Entertainment,1,Average,4,Cat_4,A
465431,Male,Yes,35,No,Artist,0,Low,2,Cat_6,B
466386,Male,Yes,65,Yes,Executive,1,Low,2,Cat_4,B
467221,Female,No,20,No,Doctor,,Low,4,Cat_6,C
464057,Male,No,32,Yes,Marketing,0,Low,5,Cat_6,B
467217,Female,Yes,79,Yes,Lawyer,,High,2,Cat_6,C
462186,Female,No,21,No,Doctor,0,Low,3,Cat_1,D
463432,Male,No,36,Yes,Artist,0,Low,1,Cat_6,B
466753,Female,Yes,70,Yes,Artist,1,Average,2,Cat_3,C
465123,Female,No,28,Yes,Healthcare,1,Low,3,Cat_6,A
459965,Male,No,25,Yes,Artist,7,Low,1,Cat_2,A
466030,Female,Yes,36,No,Entertainment,8,Low,2,Cat_6,B
462582,Male,No,20,No,Healthcare,0,Low,4,Cat_4,D
461466,Male,Yes,49,No,Artist,0,Low,2,Cat_7,A
459676,Female,No,28,Yes,Artist,,Low,2,Cat_6,A
464380,Female,Yes,49,Yes,Artist,6,Average,6,Cat_6,C
466846,Male,No,18,No,Healthcare,2,Low,4,Cat_2,D
465184,Female,Yes,46,No,Engineer,1,Average,5,Cat_6,C
459481,Male,Yes,47,No,Lawyer,0,Low,2,Cat_6,A
467263,Female,No,32,No,Marketing,,Low,1,Cat_4,D
465136,Male,Yes,47,Yes,Artist,0,Average,2,Cat_6,C
464253,Female,Yes,49,Yes,Artist,,Average,4,Cat_6,C
466534,Male,No,28,No,Healthcare,0,Low,9,Cat_6,D
466411,Male,Yes,58,Yes,Artist,1,Average,3,Cat_3,B
462576,Female,No,21,No,Healthcare,9,Low,4,Cat_3,D
467704,Male,Yes,53,Yes,Artist,1,Average,2,Cat_6,C
465303,Female,Yes,67,Yes,Artist,1,Average,3,Cat_2,C
467703,Male,No,26,Yes,Healthcare,1,Low,5,Cat_6,D
465493,Female,No,26,No,Artist,0,Low,3,Cat_4,A
461322,Male,Yes,40,Yes,Artist,0,Average,2,Cat_6,C
461706,Male,No,25,Yes,Healthcare,0,Low,3,Cat_6,D
463629,Male,No,41,Yes,Artist,1,Low,1,Cat_6,B
465140,Male,Yes,45,Yes,Executive,5,High,3,Cat_7,B
459308,Female,Yes,47,Yes,Artist,0,Average,2,Cat_6,C
459582,Male,Yes,27,No,Entertainment,,Average,3,Cat_6,A
460859,Male,Yes,50,Yes,Entertainment,,Low,4,Cat_6,D
461915,Male,Yes,51,No,Artist,,Average,2,Cat_2,B
466358,Female,,28,No,Engineer,0,Low,4,Cat_6,A
459708,Female,No,39,Yes,Engineer,1,Low,1,Cat_6,A
459179,Male,Yes,60,No,Entertainment,0,Average,3,Cat_6,B
462654,Male,Yes,39,No,Artist,1,Average,6,Cat_4,A
466256,Female,Yes,65,Yes,Engineer,1,Low,1,Cat_6,B
465649,Female,Yes,43,Yes,Marketing,6,Low,1,Cat_6,A
467333,Female,Yes,58,Yes,Artist,,Average,6,Cat_2,C
465652,Female,Yes,31,No,Marketing,0,Low,2,Cat_2,D
460360,Female,Yes,38,Yes,Artist,2,Low,1,Cat_4,A
464472,Female,No,27,Yes,Artist,0,Low,3,Cat_6,C
467422,Female,Yes,58,Yes,Artist,0,Average,2,Cat_6,C
463116,Male,Yes,62,Yes,Artist,1,High,2,Cat_6,B
460177,Male,No,48,Yes,Artist,1,Low,1,Cat_6,B
465081,Male,Yes,57,Yes,Executive,7,High,2,Cat_6,C
467810,Male,Yes,42,Yes,Artist,0,Average,5,Cat_6,C
465063,Female,Yes,68,Yes,Lawyer,1,High,2,Cat_6,C
462690,Male,Yes,38,Yes,Engineer,,Average,4,Cat_6,B
467752,Male,Yes,31,No,Executive,,Average,3,Cat_4,A
466430,Female,Yes,51,No,Engineer,0,Low,4,Cat_6,A
465713,Male,Yes,59,Yes,Artist,0,Average,4,Cat_6,C
462555,Male,Yes,36,Yes,Artist,1,Average,2,Cat_4,C
459668,Male,Yes,32,No,,5,Average,3,Cat_6,B
461615,Male,No,25,Yes,Doctor,1,Low,2,Cat_6,D
461532,Male,Yes,48,Yes,Entertainment,1,Low,1,Cat_6,A
465295,Female,,37,Yes,Doctor,8,Average,1,Cat_6,A
459175,Female,Yes,70,Yes,Artist,1,Average,2,Cat_6,C
463739,Female,Yes,42,No,Marketing,0,Low,3,Cat_6,B
464339,Male,No,26,No,Artist,0,Low,2,Cat_6,D
465074,Male,No,25,Yes,Artist,1,Low,4,Cat_6,A
465282,Female,No,36,Yes,Artist,0,Low,3,Cat_6,A
460488,Male,No,42,No,Doctor,0,Low,1,Cat_3,D
464554,Female,No,35,Yes,Artist,0,Low,7,Cat_2,C
462814,Female,Yes,22,No,Engineer,8,Average,2,Cat_5,C
462073,Female,No,36,Yes,Artist,6,Low,1,Cat_6,C
459901,Male,Yes,47,Yes,Artist,0,Average,3,Cat_6,C
460858,Male,No,19,No,Healthcare,1,Low,4,Cat_3,D
461895,Male,Yes,36,Yes,Entertainment,1,Low,2,Cat_6,B
467308,Female,No,28,Yes,Doctor,0,Low,3,Cat_3,C
467584,Male,Yes,52,No,Doctor,1,Average,4,Cat_6,B
466444,Male,Yes,50,Yes,Doctor,,Average,4,Cat_3,C
462622,Male,Yes,47,No,Executive,0,Low,4,Cat_4,D
460100,Female,No,29,Yes,Doctor,1,Low,1,Cat_3,A
466591,Female,No,23,No,Healthcare,0,Low,4,Cat_6,D
462849,Male,Yes,50,Yes,Artist,0,Average,4,Cat_6,C
463235,Female,No,21,No,,1,Low,4,Cat_6,D
466410,Female,Yes,56,Yes,Artist,0,Low,1,Cat_6,B
464141,Male,Yes,32,Yes,Entertainment,9,High,2,Cat_4,A
464634,Female,No,32,Yes,Engineer,,Low,9,Cat_4,D
461564,Male,Yes,63,Yes,Executive,1,High,2,Cat_6,C
463219,Male,Yes,50,No,Entertainment,0,Low,2,Cat_6,D
461425,Male,Yes,52,Yes,Artist,,Low,4,Cat_6,A
464009,Female,Yes,49,Yes,Artist,7,Average,4,Cat_6,B
460573,Male,No,62,No,Healthcare,8,Low,1,Cat_3,C
460951,Female,Yes,55,No,Engineer,1,Average,7,Cat_6,A
462262,Male,No,27,No,Healthcare,1,Low,3,,B
467126,Female,Yes,45,Yes,Artist,0,Low,1,Cat_3,B
462924,Female,Yes,31,No,Homemaker,8,Average,2,Cat_6,D
462488,Male,No,33,Yes,Healthcare,0,Low,5,Cat_6,D
461640,Male,Yes,52,Yes,Artist,1,Average,2,Cat_6,C
465504,Male,No,42,Yes,Entertainment,0,Low,2,Cat_6,B
460902,Male,No,38,Yes,Executive,1,Low,3,Cat_6,A
459657,Male,Yes,84,Yes,Lawyer,1,High,2,Cat_6,B
465054,Male,Yes,67,Yes,Executive,1,High,3,Cat_6,C
464000,Female,No,32,No,Healthcare,0,Low,5,Cat_7,C
460324,Female,No,33,Yes,Entertainment,12,Low,2,Cat_6,A
462468,Female,No,30,Yes,Healthcare,2,Low,5,Cat_6,D
465245,Male,No,18,No,Healthcare,1,Low,4,Cat_4,D
467919,Female,Yes,47,Yes,Artist,7,Average,2,Cat_6,C
463716,Male,No,29,No,Doctor,1,Low,4,Cat_6,D
463769,Male,Yes,63,No,Executive,0,High,4,Cat_6,B
464907,Male,,55,Yes,Engineer,0,Average,2,Cat_4,B
460523,Female,No,48,Yes,Entertainment,1,Low,,Cat_4,C
462327,Male,Yes,27,Yes,Entertainment,0,Low,4,Cat_7,D
463882,Female,Yes,43,Yes,Artist,1,Low,1,Cat_1,A
464446,Female,Yes,50,Yes,Engineer,0,Low,,Cat_6,B
462282,Male,No,29,No,Healthcare,1,Low,3,Cat_6,D
467167,Male,Yes,73,Yes,Artist,1,Average,,Cat_3,C
459625,Female,Yes,57,No,Engineer,8,Low,1,Cat_6,B
466740,Female,Yes,47,No,Engineer,8,Low,1,Cat_3,A
461434,Female,Yes,32,Yes,Executive,4,High,3,Cat_7,C
465404,Female,Yes,25,Yes,Entertainment,0,Average,2,Cat_1,A
462337,Female,Yes,79,Yes,Lawyer,1,High,2,Cat_4,B
461921,Female,No,41,Yes,Artist,0,Low,1,Cat_6,A
463763,Male,Yes,36,Yes,Artist,4,Average,2,Cat_6,C
467749,Male,No,19,No,Healthcare,1,Low,9,Cat_7,D
464876,Female,Yes,49,No,Engineer,,Average,5,Cat_4,A
463850,Male,Yes,26,No,Entertainment,0,High,2,Cat_6,D
460381,Male,No,28,Yes,Artist,13,Low,2,Cat_6,A
460946,Male,No,84,No,Artist,0,Low,1,Cat_6,D
464329,Male,Yes,81,No,Lawyer,1,Low,2,Cat_6,D
467209,Female,No,35,Yes,Healthcare,1,Low,1,Cat_6,D
461897,Male,Yes,55,Yes,Doctor,0,Average,2,Cat_6,C
462920,Male,Yes,50,No,Executive,0,High,5,Cat_6,B
460994,Male,Yes,78,Yes,Lawyer,0,Low,5,Cat_6,A
462868,Male,Yes,36,No,Entertainment,0,Average,4,Cat_4,A
459964,Male,No,47,Yes,Marketing,1,Low,1,Cat_6,A
462663,Male,Yes,48,No,Entertainment,6,Average,5,Cat_4,B
464116,Female,Yes,69,Yes,Marketing,1,Low,2,Cat_6,C
467119,Male,Yes,38,No,Marketing,0,High,4,Cat_7,B
465042,Male,Yes,36,Yes,Artist,1,Average,4,Cat_6,C
464762,Female,Yes,52,No,Engineer,9,Average,4,Cat_4,B
460009,Male,No,46,Yes,Artist,0,Low,1,Cat_6,B
460583,Male,No,18,No,Marketing,1,Low,6,Cat_3,D
467827,Female,No,22,No,Healthcare,0,Low,4,Cat_6,D
463795,Male,No,18,No,Doctor,1,Low,6,Cat_6,B
464313,Male,Yes,30,No,Homemaker,1,Average,3,Cat_6,D
463672,Male,No,32,Yes,Engineer,,Low,3,Cat_6,D
459230,Male,Yes,43,No,Artist,7,High,4,Cat_6,B
462245,Female,Yes,49,Yes,Artist,1,Average,3,Cat_6,C
462926,Female,No,40,Yes,Homemaker,9,Low,2,Cat_6,A
460743,Male,Yes,55,Yes,Artist,0,Average,3,Cat_6,C
464656,Female,No,33,No,Healthcare,1,Low,7,Cat_4,B
467656,Male,No,31,Yes,Healthcare,1,Low,5,Cat_6,D
460978,Female,No,35,Yes,Healthcare,3,Low,6,Cat_2,D
467684,Male,No,40,Yes,Healthcare,8,Low,3,Cat_2,D
467089,Male,Yes,69,No,Artist,0,Average,3,Cat_6,B
466091,Female,Yes,46,Yes,Artist,1,Low,4,Cat_4,B
464582,Female,Yes,63,Yes,Marketing,0,Low,2,Cat_6,D
467004,Female,No,50,No,Artist,0,Low,,Cat_2,A
458997,Male,Yes,61,Yes,Artist,1,Average,2,Cat_6,B
466025,Female,No,50,No,Engineer,1,Low,1,Cat_3,A
464689,Female,No,25,Yes,Marketing,2,Low,,Cat_4,A
464507,Male,Yes,53,Yes,Artist,0,High,3,Cat_6,C
459204,Female,Yes,35,Yes,Engineer,0,Average,2,Cat_6,B
467521,Male,No,19,No,Healthcare,7,Low,3,Cat_6,D
462743,Male,No,26,No,Healthcare,3,Low,4,Cat_3,D
459245,Female,Yes,38,No,Engineer,0,Average,4,Cat_6,B
463884,Female,No,26,No,Artist,1,Low,1,Cat_6,D
463860,Male,Yes,39,Yes,Healthcare,0,High,3,Cat_6,C
459184,Male,Yes,39,Yes,Entertainment,1,Low,4,Cat_4,A
459332,Female,Yes,72,Yes,Homemaker,1,Low,,Cat_6,B
460201,Female,No,45,Yes,Artist,2,Low,1,Cat_6,A
464989,Male,Yes,47,No,Entertainment,0,Average,4,Cat_6,C
467782,Female,No,30,Yes,Entertainment,0,Low,5,Cat_2,A
464923,Male,Yes,48,No,Executive,5,High,2,Cat_4,A
459364,Female,Yes,76,Yes,Marketing,0,Low,2,Cat_6,B
462119,Male,Yes,71,Yes,Entertainment,0,Low,2,Cat_6,A
465132,Female,No,41,Yes,Artist,0,Low,1,Cat_6,A
466039,Female,No,29,No,Entertainment,0,Low,,Cat_4,A
463873,Male,Yes,57,Yes,Artist,1,Average,5,Cat_6,C
467633,Male,Yes,49,No,Entertainment,0,Low,1,Cat_6,A
462780,Male,Yes,21,No,Healthcare,1,High,8,Cat_4,B
462445,Male,No,18,No,Healthcare,0,Low,3,Cat_6,D
461052,Male,No,22,No,Healthcare,,Low,3,Cat_7,D
460664,Female,No,33,No,Homemaker,8,Low,1,Cat_6,D
465992,Male,Yes,53,Yes,Entertainment,1,Low,3,Cat_6,A
463990,Male,Yes,55,Yes,Artist,1,Average,2,Cat_4,B
463128,Male,Yes,73,Yes,Lawyer,0,High,4,Cat_6,A
463536,Male,Yes,89,Yes,Executive,,High,2,Cat_6,C
460775,Male,Yes,59,Yes,Artist,0,Low,2,Cat_6,A
464118,Male,No,38,Yes,Entertainment,0,Low,2,Cat_6,D
459264,Female,No,42,Yes,Artist,0,Low,2,Cat_6,C
464069,Female,Yes,83,Yes,Lawyer,1,High,2,Cat_6,A
461185,Female,No,22,No,Healthcare,,Low,4,Cat_3,D
465564,Male,Yes,46,No,Artist,0,Average,4,Cat_3,B
466387,Male,Yes,37,Yes,Entertainment,8,Average,2,Cat_6,B
462887,Female,Yes,42,No,Engineer,1,Low,3,Cat_6,A
465977,Male,Yes,71,Yes,Artist,0,Average,2,Cat_6,C
462775,Female,No,18,No,Healthcare,7,Low,3,Cat_6,D
460286,Female,No,41,Yes,Artist,4,Low,1,Cat_6,D
466294,Male,Yes,27,Yes,Healthcare,0,Low,5,Cat_4,D
466037,Female,No,53,No,Entertainment,1,Low,1,Cat_4,A
466335,Female,No,28,No,Healthcare,0,Low,3,Cat_4,B
465750,Male,Yes,35,Yes,,3,Average,2,Cat_6,C
461933,Male,No,18,No,Doctor,0,Low,2,Cat_5,D
466681,Male,No,19,No,Healthcare,2,Low,4,Cat_6,D
466605,Female,No,32,No,Healthcare,0,Low,4,Cat_3,B
461332,Male,No,30,No,Healthcare,1,Low,4,Cat_2,C
461610,Male,No,36,Yes,Doctor,0,Low,1,Cat_6,B
467707,Male,Yes,82,Yes,Lawyer,5,High,2,Cat_6,A
460558,Female,Yes,37,Yes,Engineer,,Low,1,Cat_3,C
465158,Male,No,45,Yes,Artist,1,Low,1,Cat_6,A
460353,Male,No,31,Yes,,6,Low,1,Cat_4,D
459903,Male,Yes,27,Yes,Entertainment,9,Low,4,Cat_6,C
464021,Female,No,18,No,Healthcare,1,Low,5,Cat_6,D
463325,Male,Yes,22,No,Doctor,1,Low,4,Cat_6,A
459660,Female,No,22,No,Healthcare,2,Low,6,Cat_6,D
466423,Female,No,42,No,Homemaker,8,Low,1,Cat_3,D
465585,Male,Yes,69,No,Doctor,1,Low,1,Cat_6,A
462671,Female,Yes,43,Yes,Homemaker,8,High,2,Cat_6,A
459603,Female,Yes,89,No,Lawyer,3,High,2,Cat_6,A
463614,Female,No,26,No,Healthcare,1,Low,4,Cat_3,C
465152,Male,No,43,Yes,Artist,1,Low,3,Cat_6,B
460525,Male,Yes,30,Yes,Entertainment,1,Average,2,Cat_3,C
466108,Female,Yes,60,Yes,Executive,0,Low,2,Cat_6,B
465400,Female,Yes,38,Yes,Doctor,7,High,4,Cat_3,C
465405,Female,,29,Yes,Homemaker,0,High,4,Cat_2,B
465681,Male,Yes,45,Yes,Entertainment,0,Average,2,Cat_4,A
466251,Male,No,20,No,Healthcare,3,Low,4,Cat_4,D
460417,Female,Yes,51,Yes,Marketing,9,Low,1,Cat_6,A
460569,Male,Yes,36,Yes,Entertainment,1,Average,4,Cat_3,C
461162,Female,No,41,No,Marketing,9,Low,3,Cat_3,B
459241,Male,Yes,46,No,Entertainment,,Low,5,Cat_6,D
463628,Female,No,30,Yes,Artist,9,Low,1,Cat_6,A
467817,Female,No,23,No,Homemaker,0,Low,5,Cat_5,B
460406,Male,Yes,39,Yes,Healthcare,4,Low,2,Cat_6,B
464122,Male,Yes,63,Yes,Artist,0,Average,4,Cat_6,B
459658,Male,Yes,60,Yes,Artist,1,Average,3,Cat_6,C
462757,Male,No,20,No,Healthcare,1,Low,3,Cat_6,D
459529,Female,Yes,89,No,Lawyer,1,High,2,Cat_6,A
464916,Female,,31,,Doctor,9,High,2,Cat_4,A
465920,Male,No,43,Yes,Executive,1,Low,4,Cat_6,A
463262,Female,Yes,70,No,Lawyer,3,High,2,Cat_6,A
465631,Male,No,35,Yes,Artist,9,Low,1,Cat_6,A
467164,Male,Yes,42,Yes,Artist,0,High,2,Cat_6,B
467859,Male,Yes,39,Yes,Doctor,6,Average,2,Cat_3,C
461703,Female,Yes,29,Yes,Healthcare,0,Low,2,Cat_6,A
460667,Female,No,38,No,Homemaker,8,Low,,Cat_6,A
466097,Female,Yes,74,No,Lawyer,1,Low,1,Cat_6,A
464390,Male,Yes,41,Yes,Artist,1,Low,2,Cat_6,C
465423,Male,Yes,51,Yes,Entertainment,0,Average,4,Cat_7,C
461337,Male,Yes,50,Yes,Executive,1,High,3,Cat_6,C
463888,Male,No,23,No,Marketing,0,Low,3,Cat_6,D
460390,Male,No,36,Yes,Artist,9,Low,3,Cat_6,A
465286,Male,No,36,Yes,Artist,8,Low,1,Cat_6,B
460294,Female,Yes,50,Yes,Doctor,1,Low,2,Cat_6,D
460509,Male,No,23,No,Healthcare,,Low,4,Cat_3,D
461248,Female,No,37,No,Healthcare,1,Low,1,Cat_6,D
464336,Male,Yes,65,Yes,Executive,0,High,4,Cat_6,C
467595,Female,No,26,Yes,Healthcare,0,Low,1,Cat_6,D
466406,Male,Yes,55,Yes,Entertainment,1,Low,3,Cat_6,A
465092,Male,Yes,65,Yes,Executive,0,High,2,Cat_6,C
459492,Female,Yes,72,Yes,Lawyer,1,High,2,Cat_6,A
461426,Male,Yes,51,Yes,Artist,7,Average,2,Cat_6,C
467022,Male,No,25,Yes,Artist,1,Low,5,Cat_6,D
467330,Male,Yes,38,No,Executive,0,High,3,Cat_6,C
459691,Male,Yes,55,No,Artist,,Average,2,Cat_6,A
466161,Male,Yes,46,No,Artist,0,Average,,Cat_6,C
461320,Female,No,39,Yes,Artist,0,Low,3,Cat_6,B
466283,Female,Yes,62,Yes,Artist,0,High,2,Cat_6,B
463705,Female,Yes,37,Yes,Artist,4,Average,2,Cat_2,C
465821,Female,No,28,No,Engineer,3,Low,7,Cat_4,A
467457,Female,No,32,Yes,Marketing,1,Low,6,Cat_6,B
466543,Male,No,31,Yes,Doctor,14,Low,2,Cat_7,A
463772,Female,No,31,No,Healthcare,1,Low,3,Cat_6,D
465881,Male,No,43,Yes,Artist,8,Low,,Cat_6,A
459757,Male,Yes,67,Yes,Artist,1,Average,2,Cat_6,B
464452,Female,No,72,Yes,Lawyer,0,Low,1,Cat_6,C
463839,Female,Yes,57,No,Engineer,0,Low,3,Cat_6,B
462777,Male,,58,No,Executive,,High,3,Cat_6,A
464368,Male,Yes,36,Yes,Entertainment,4,Average,2,Cat_6,B
466923,Female,No,21,No,Homemaker,9,Low,1,Cat_6,D
459878,Male,Yes,47,No,Entertainment,1,Average,5,Cat_6,C
467279,Female,No,25,Yes,Entertainment,8,Low,3,Cat_6,D
465604,Female,Yes,41,No,Engineer,9,Average,2,Cat_3,B
460787,Male,No,29,Yes,Healthcare,0,Low,4,Cat_6,A
466240,Male,No,21,No,Healthcare,0,Low,3,Cat_4,D
466621,Male,Yes,66,Yes,Lawyer,0,Low,1,Cat_6,C
464619,Male,Yes,27,Yes,Entertainment,10,Low,2,Cat_6,B
462722,Female,No,27,No,Homemaker,,Low,4,Cat_6,C
467404,Male,Yes,52,Yes,Artist,4,Low,1,Cat_6,C
461314,Male,Yes,46,Yes,Artist,1,Average,3,Cat_6,C
463340,Female,No,23,No,Healthcare,0,Low,4,Cat_3,D
467870,Male,No,27,Yes,Entertainment,0,Low,5,Cat_6,B
462200,Female,Yes,52,Yes,Doctor,1,Low,3,Cat_4,B
465591,Male,Yes,65,No,Artist,0,Average,2,Cat_4,A
461002,Male,No,42,No,Entertainment,,Low,3,Cat_3,D
460812,Male,Yes,59,No,Entertainment,1,Low,2,Cat_6,A
467105,Female,Yes,45,Yes,Lawyer,0,Low,1,Cat_6,B
460630,Male,Yes,18,No,Executive,,Average,,Cat_3,D
462037,Female,Yes,61,No,Engineer,1,High,3,Cat_4,B
461726,Female,Yes,53,Yes,Artist,1,Average,4,Cat_3,C
463577,Female,Yes,37,Yes,Doctor,1,Average,2,Cat_6,C
463038,Male,Yes,63,Yes,Executive,0,High,5,Cat_6,D
464753,Female,No,33,No,Marketing,,Low,5,Cat_4,D
464928,Female,Yes,50,Yes,Artist,1,Low,3,Cat_4,C
467312,Female,Yes,62,Yes,Artist,1,Low,2,Cat_6,C
464887,Male,Yes,49,Yes,Artist,1,Average,8,Cat_4,C
460555,Male,Yes,46,Yes,Homemaker,6,Average,3,Cat_3,C
466661,Male,No,27,,Doctor,0,Low,,Cat_2,A
461329,Male,Yes,53,Yes,Executive,1,High,4,Cat_6,C
459648,Female,Yes,42,Yes,Artist,2,High,2,Cat_6,C
460835,Female,Yes,28,Yes,Artist,0,Low,1,Cat_5,A
463827,Female,Yes,49,Yes,Engineer,1,Average,4,Cat_6,B
460868,Male,Yes,35,Yes,Artist,1,Average,2,Cat_6,B
462566,Female,Yes,27,No,Doctor,0,Low,,Cat_3,C
467485,Male,Yes,58,Yes,Lawyer,0,High,2,Cat_6,B
467351,Male,Yes,41,No,Artist,8,Average,2,Cat_6,C
465864,Male,Yes,32,Yes,Entertainment,9,Average,2,Cat_6,D
467232,Male,No,33,No,Entertainment,0,Low,2,Cat_6,A
466855,Male,Yes,69,No,Entertainment,0,Low,5,Cat_3,A
467238,Female,No,31,No,Doctor,6,Low,4,Cat_6,D
467537,Female,Yes,68,No,Lawyer,,High,3,Cat_6,D
463654,Female,No,39,No,Engineer,4,Low,3,Cat_3,D
459047,Female,No,21,No,Healthcare,1,Low,5,Cat_4,D
462994,Female,Yes,39,No,Artist,,Average,3,Cat_6,B
464363,Female,Yes,41,Yes,Artist,9,Low,1,Cat_6,C
462565,Male,Yes,49,Yes,Artist,1,Average,4,Cat_6,C
463226,Female,Yes,38,Yes,Executive,0,Average,2,Cat_6,A
461232,Female,Yes,36,Yes,Executive,,High,,Cat_3,A
467671,Female,Yes,52,Yes,Artist,9,Low,4,Cat_6,C
460374,Female,No,46,Yes,Artist,6,Low,2,Cat_6,C
463077,Male,No,28,No,Doctor,4,Low,3,Cat_6,C
462719,Female,Yes,55,Yes,Artist,0,High,5,Cat_6,B
459729,Female,No,41,Yes,Healthcare,1,Low,1,Cat_6,D
459084,Male,Yes,47,No,Executive,0,High,2,Cat_7,B
467924,Male,Yes,52,Yes,Artist,0,Low,3,Cat_4,A
465439,Female,Yes,45,Yes,Artist,4,High,4,Cat_6,C
462899,Male,No,32,No,Healthcare,,Low,3,Cat_6,D
466712,Male,Yes,78,Yes,Lawyer,1,Low,1,Cat_6,B
467433,Male,No,45,,Artist,0,Low,1,Cat_6,C
462642,Male,Yes,39,No,Executive,,Average,7,Cat_4,D
460983,Male,Yes,38,No,Doctor,0,High,4,Cat_6,D
464008,Female,Yes,50,Yes,Artist,1,Average,4,Cat_6,C
461702,Female,Yes,53,Yes,Engineer,8,High,4,Cat_6,A
464312,Male,No,43,Yes,Artist,1,Low,1,Cat_3,A
462818,Male,Yes,59,Yes,Artist,1,Average,3,Cat_6,C
466045,Female,No,38,No,Entertainment,8,Low,2,Cat_6,B
461889,Male,Yes,42,Yes,Artist,2,Average,2,Cat_6,C
467945,Male,Yes,65,Yes,Artist,0,Average,2,Cat_6,C
464322,Male,Yes,79,Yes,Lawyer,0,Low,2,Cat_6,A
465637,Female,No,41,Yes,Artist,1,Low,1,Cat_4,D
462058,Male,Yes,42,Yes,Entertainment,9,Low,2,Cat_6,A
459368,Male,Yes,28,No,Executive,,Low,7,Cat_4,A
462500,Male,Yes,49,Yes,Doctor,1,Average,2,Cat_6,C
466948,Male,Yes,58,Yes,Artist,1,Low,2,Cat_7,B
461606,Male,Yes,69,Yes,Lawyer,0,High,3,Cat_6,A
466184,Female,No,35,Yes,Artist,3,Low,1,Cat_6,C
466014,Female,Yes,47,No,Engineer,0,High,2,Cat_4,A
462890,Female,No,25,Yes,Marketing,12,Low,1,Cat_6,D
464909,Female,Yes,38,Yes,Homemaker,0,Low,2,Cat_4,A
459554,Female,No,25,No,Engineer,8,Low,3,Cat_6,D
462429,Male,Yes,76,No,Lawyer,0,Low,1,Cat_6,A
463605,Female,No,23,No,Healthcare,0,Low,5,Cat_5,D
459531,Male,No,38,Yes,Marketing,3,Low,,Cat_6,D
464608,Female,Yes,49,Yes,Artist,0,Average,3,Cat_6,C
459960,Female,Yes,56,Yes,,1,Low,1,Cat_6,B
459597,Female,Yes,71,Yes,Artist,1,High,2,Cat_6,C
464497,Female,No,39,No,Engineer,0,Low,3,Cat_3,A
467150,Female,No,41,Yes,Artist,8,Low,3,Cat_6,A
464832,Male,Yes,66,No,Lawyer,1,Low,,Cat_4,D
466829,Female,Yes,27,No,Homemaker,10,Low,1,Cat_6,D
459508,Female,No,23,No,Healthcare,,Low,3,Cat_6,D
463506,Female,Yes,35,Yes,Artist,2,Average,2,Cat_6,C
466475,Female,Yes,33,No,Artist,,Low,2,Cat_1,B
462546,Female,No,21,No,Executive,8,Low,,Cat_7,D
467448,Female,Yes,49,No,Engineer,0,Low,1,Cat_6,A
462852,Male,Yes,42,No,Engineer,9,Low,3,Cat_6,D
462072,Male,No,39,Yes,Artist,0,Low,1,Cat_6,A
463211,Male,Yes,68,Yes,Lawyer,8,Low,1,Cat_5,A
464059,Male,Yes,57,Yes,Artist,1,Low,1,Cat_6,A
463746,Male,No,38,Yes,Artist,0,Low,1,Cat_6,A
465671,Female,Yes,35,No,Engineer,2,Average,5,Cat_4,D
461729,Female,Yes,41,Yes,Marketing,0,Low,3,Cat_6,D
464849,Male,Yes,40,Yes,Artist,0,Average,4,Cat_4,C
461100,Female,No,32,Yes,Healthcare,,Low,3,Cat_3,C
466434,Male,Yes,53,Yes,Artist,0,Average,4,Cat_6,B
467305,Female,Yes,38,Yes,Homemaker,8,Average,3,Cat_6,B
466270,Female,Yes,68,No,Marketing,0,Low,2,Cat_6,D
463479,Male,No,30,No,Executive,1,Low,2,Cat_6,D
467471,Male,Yes,52,No,Entertainment,4,Average,5,Cat_6,C
459159,Male,Yes,80,Yes,Lawyer,1,Low,1,Cat_6,A
465980,Female,No,31,Yes,Healthcare,1,Low,7,Cat_6,A
467713,Female,Yes,38,No,Executive,,Average,4,Cat_4,A
467528,Male,Yes,87,No,Executive,0,High,2,Cat_6,C
461278,Male,No,23,No,Healthcare,1,Low,4,Cat_6,D
466964,Male,No,45,Yes,Artist,5,Low,1,Cat_4,C
460607,Male,Yes,36,Yes,Artist,9,Average,4,Cat_7,A
462825,Male,Yes,41,No,Executive,1,High,2,Cat_4,B
459899,Female,Yes,48,Yes,Artist,0,Low,4,Cat_6,C
460936,Male,Yes,70,Yes,Executive,1,High,5,Cat_3,B
458991,Female,Yes,84,Yes,Lawyer,3,High,2,Cat_6,A
460028,Male,Yes,39,Yes,Healthcare,11,Average,2,Cat_2,D
464281,Female,No,39,Yes,Artist,0,Low,1,Cat_6,A
463443,Male,Yes,50,Yes,Artist,1,Average,4,Cat_6,C
460949,Male,Yes,40,Yes,Doctor,1,Low,5,Cat_6,A
466602,Male,Yes,39,Yes,Artist,,Average,2,Cat_4,C
459044,Male,Yes,38,Yes,Artist,4,Average,3,Cat_6,C
460786,Male,Yes,71,No,Lawyer,1,High,2,Cat_6,B
465968,Female,No,35,Yes,Artist,10,Low,1,Cat_6,A
460039,Male,Yes,27,Yes,Healthcare,5,Low,5,Cat_6,D
462892,Male,Yes,33,No,Healthcare,8,Average,3,Cat_6,C
462652,Male,Yes,37,No,Artist,,Average,3,Cat_4,B
465050,Male,Yes,74,Yes,Lawyer,1,High,2,Cat_6,B
461793,Male,No,20,No,Marketing,0,Low,2,Cat_6,D
460781,Female,Yes,30,No,Entertainment,1,High,4,Cat_5,D
463649,Male,No,22,No,Doctor,0,Low,4,Cat_6,B
466969,Female,No,43,Yes,Homemaker,9,Low,1,Cat_6,A
462030,Male,No,36,Yes,Artist,11,Low,2,Cat_6,C
463735,Male,No,29,Yes,Healthcare,4,Low,2,Cat_6,C
464134,Female,No,43,Yes,Entertainment,0,Low,6,Cat_6,A
460195,Male,No,38,Yes,Entertainment,7,Low,1,Cat_6,D
464089,Female,Yes,40,Yes,Artist,5,High,5,,B
466643,Female,Yes,68,Yes,Lawyer,9,High,4,Cat_6,C
461313,Male,Yes,57,Yes,Artist,1,Average,,Cat_6,C
460418,Female,No,35,Yes,Entertainment,9,Low,2,Cat_6,A
461303,Female,No,23,No,Doctor,7,Low,4,Cat_2,C
467049,Male,No,50,Yes,Artist,1,Low,1,Cat_6,B
459674,Female,No,32,Yes,Doctor,0,Low,5,Cat_6,D
466910,Male,Yes,59,Yes,Entertainment,9,Low,1,Cat_6,A
466459,Female,No,30,Yes,Healthcare,3,Low,5,Cat_6,B
463085,Female,No,35,Yes,Artist,0,Low,1,Cat_6,A
461533,Male,No,48,Yes,Healthcare,1,Low,2,Cat_6,D
461187,Male,No,29,No,Healthcare,9,Low,4,Cat_3,D
461432,Female,Yes,40,Yes,Artist,1,Average,2,Cat_6,C
463978,Male,Yes,38,Yes,Artist,1,Average,3,Cat_2,C
459383,Male,Yes,36,No,Engineer,0,Low,1,Cat_6,D
464020,Male,No,20,No,Healthcare,0,Low,4,Cat_6,D
467394,Male,No,29,No,Healthcare,6,Low,3,Cat_6,C
464539,Male,Yes,42,No,Executive,3,High,3,Cat_4,A
461529,Female,Yes,35,Yes,Entertainment,1,Low,1,Cat_6,D
464943,Female,Yes,37,No,Engineer,1,Average,6,Cat_4,B
466147,Female,Yes,52,No,Artist,0,Average,4,Cat_6,C
466263,Male,No,53,Yes,Artist,0,Low,2,Cat_4,C
461812,Male,Yes,30,No,Artist,9,High,6,Cat_2,A
466848,Female,Yes,65,Yes,Artist,1,Low,2,Cat_6,B
467933,Female,No,23,No,Healthcare,1,Low,3,Cat_6,D
463957,Female,No,32,No,Entertainment,0,Low,3,Cat_4,C
462175,Female,No,36,Yes,Homemaker,9,Low,1,Cat_2,A
465818,Male,No,27,No,Entertainment,1,Low,3,Cat_4,B
467190,Male,Yes,36,Yes,Executive,0,Low,2,Cat_3,B
467848,Male,No,37,Yes,Artist,12,Low,1,Cat_6,B
462249,Male,No,29,No,Entertainment,0,Low,3,Cat_6,D
459311,Male,No,29,Yes,Executive,0,Low,5,Cat_6,C
462610,Male,No,27,Yes,Doctor,1,Low,6,Cat_4,D
467309,Female,No,35,Yes,Engineer,2,Low,1,Cat_7,B
467365,Male,No,40,Yes,Artist,1,Low,1,Cat_6,A
461913,Male,No,37,Yes,Entertainment,6,Low,4,Cat_2,A
462617,Male,No,19,No,Healthcare,0,Low,5,Cat_4,D
465485,Male,No,29,Yes,Healthcare,0,Low,4,Cat_6,D
461316,Female,Yes,53,Yes,Artist,0,Average,2,Cat_3,C
460501,Male,No,25,Yes,Healthcare,0,Low,,Cat_3,D
460556,Female,Yes,38,Yes,,1,Low,1,Cat_3,C
463036,Male,Yes,48,Yes,Artist,,Low,6,Cat_6,B
461079,Female,No,26,No,Engineer,4,Low,1,Cat_7,A
465120,Female,No,30,Yes,Healthcare,0,Low,4,Cat_6,D
464671,Male,No,30,No,Entertainment,1,Low,2,Cat_4,D
465367,Male,Yes,69,No,Executive,1,High,3,Cat_6,B
467088,Male,Yes,57,Yes,Artist,0,Low,1,Cat_3,A
463887,Female,Yes,56,Yes,Artist,4,Average,2,Cat_6,C
460250,Male,No,27,Yes,Healthcare,8,Low,4,Cat_6,D
465316,Male,No,21,No,Healthcare,0,Low,6,Cat_4,D
464713,Female,Yes,71,Yes,Artist,0,High,4,Cat_1,B
465764,Female,No,39,Yes,Entertainment,8,Low,4,Cat_4,D
467080,Female,Yes,87,Yes,Lawyer,1,High,2,Cat_6,A
460683,Male,Yes,59,No,Entertainment,6,Average,3,Cat_3,B
460042,Male,No,32,Yes,Marketing,8,Low,1,Cat_6,D
463025,Male,Yes,40,No,Executive,7,Low,4,Cat_6,A
459731,Female,Yes,58,Yes,Artist,0,High,3,,B
460955,Male,No,19,No,Healthcare,,Low,5,Cat_4,D
462179,Female,No,31,Yes,Marketing,0,Low,9,Cat_7,D
463147,Male,No,31,No,Healthcare,,Low,4,Cat_6,B
462639,Female,Yes,43,No,Engineer,,Average,2,Cat_4,D
